-- MySQL dump 10.13  Distrib 8.0.23, for Win64 (x86_64)
--
-- Host: localhost    Database: sumy
-- ------------------------------------------------------
-- Server version	8.0.23

/*!40101 SET @OLD_CHARACTER_SET_CLIENT=@@CHARACTER_SET_CLIENT */;
/*!40101 SET @OLD_CHARACTER_SET_RESULTS=@@CHARACTER_SET_RESULTS */;
/*!40101 SET @OLD_COLLATION_CONNECTION=@@COLLATION_CONNECTION */;
/*!50503 SET NAMES utf8mb4 */;
/*!40103 SET @OLD_TIME_ZONE=@@TIME_ZONE */;
/*!40103 SET TIME_ZONE='+00:00' */;
/*!40014 SET @OLD_UNIQUE_CHECKS=@@UNIQUE_CHECKS, UNIQUE_CHECKS=0 */;
/*!40014 SET @OLD_FOREIGN_KEY_CHECKS=@@FOREIGN_KEY_CHECKS, FOREIGN_KEY_CHECKS=0 */;
/*!40101 SET @OLD_SQL_MODE=@@SQL_MODE, SQL_MODE='NO_AUTO_VALUE_ON_ZERO' */;
/*!40111 SET @OLD_SQL_NOTES=@@SQL_NOTES, SQL_NOTES=0 */;

--
-- Table structure for table `category_list`
--

DROP TABLE IF EXISTS `category_list`;
/*!40101 SET @saved_cs_client     = @@character_set_client */;
/*!50503 SET character_set_client = utf8mb4 */;
CREATE TABLE `category_list` (
  `category_id` int NOT NULL AUTO_INCREMENT,
  `category_name` varchar(50) NOT NULL,
  PRIMARY KEY (`category_id`)
) ENGINE=InnoDB AUTO_INCREMENT=13 DEFAULT CHARSET=utf8mb4 COLLATE=utf8mb4_0900_ai_ci;
/*!40101 SET character_set_client = @saved_cs_client */;

--
-- Dumping data for table `category_list`
--

LOCK TABLES `category_list` WRITE;
/*!40000 ALTER TABLE `category_list` DISABLE KEYS */;
INSERT INTO `category_list` VALUES (1,'액션'),(2,'어드벤쳐'),(3,'인디'),(4,'RPG'),(5,'퍼즐'),(6,'1인칭'),(7,'내레이션'),(8,'전략'),(9,'슈팅'),(10,'시뮬레이션'),(11,'전투'),(12,'도시 건설');
/*!40000 ALTER TABLE `category_list` ENABLE KEYS */;
UNLOCK TABLES;

--
-- Table structure for table `game_info`
--

DROP TABLE IF EXISTS `game_info`;
/*!40101 SET @saved_cs_client     = @@character_set_client */;
/*!50503 SET character_set_client = utf8mb4 */;
CREATE TABLE `game_info` (
  `game_id` int NOT NULL AUTO_INCREMENT,
  `game_title` varchar(50) NOT NULL,
  `game_dev` varchar(50) NOT NULL,
  `game_price` int NOT NULL,
  `game_discount_rate` int NOT NULL DEFAULT '0',
  `game_sub_text` varchar(200) NOT NULL,
  `game_main_text` text NOT NULL,
  `game_rate` enum('전체','12세','15세','18세') DEFAULT NULL,
  `game_thumb_image` varchar(100) NOT NULL DEFAULT 'default_img.jpg',
  `game_category_id1` int NOT NULL,
  `game_category_id2` int DEFAULT NULL,
  `game_category_id3` int DEFAULT NULL,
  `game_category_id4` int DEFAULT NULL,
  `game_intro_image1` varchar(100) NOT NULL DEFAULT 'default_img.jpg',
  `game_intro_image2` varchar(100) DEFAULT 'default_img.jpg',
  `game_intro_image3` varchar(100) DEFAULT 'default_img.jpg',
  `game_intro_image4` varchar(100) DEFAULT 'default_img.jpg',
  `game_intro_image5` varchar(100) DEFAULT 'default_img.jpg',
  `game_release_date` timestamp NOT NULL,
  `game_update_date` timestamp NULL DEFAULT NULL,
  `game_sale_count` int NOT NULL,
  `game_total_earnings` bigint DEFAULT NULL,
  PRIMARY KEY (`game_id`),
  KEY `game_category_id1` (`game_category_id1`),
  KEY `game_category_id2` (`game_category_id2`),
  KEY `game_category_id3` (`game_category_id3`),
  KEY `game_category_id4` (`game_category_id4`),
  CONSTRAINT `game_info_ibfk_1` FOREIGN KEY (`game_category_id1`) REFERENCES `category_list` (`category_id`),
  CONSTRAINT `game_info_ibfk_2` FOREIGN KEY (`game_category_id2`) REFERENCES `category_list` (`category_id`),
  CONSTRAINT `game_info_ibfk_3` FOREIGN KEY (`game_category_id3`) REFERENCES `category_list` (`category_id`),
  CONSTRAINT `game_info_ibfk_4` FOREIGN KEY (`game_category_id4`) REFERENCES `category_list` (`category_id`)
) ENGINE=InnoDB AUTO_INCREMENT=47 DEFAULT CHARSET=utf8mb4 COLLATE=utf8mb4_0900_ai_ci;
/*!40101 SET character_set_client = @saved_cs_client */;

--
-- Dumping data for table `game_info`
--

LOCK TABLES `game_info` WRITE;
/*!40000 ALTER TABLE `game_info` DISABLE KEYS */;
INSERT INTO `game_info` VALUES (1,'sockventure','Nighthouse Games',17000,0,'도전 욕구를 불러일으키는 이 2D 플랫폼 게임에서 슈퍼히어로가 되어 플레이하며 아이가 저주받은 세탁기 안에서 사라진 양말을 찾을 수 있도록 도와주세요. Sockventure는 다채롭고 뛰어난 그래픽과 손수 만든 레벨, 완벽한 컨트롤, 그리고 끊임없이 변화하여 재밌는 게임 플레이가 특징입니다.','<p><span lang=\"EN-US\" style=\"font-size:8.0pt;mso-bidi-font-size:\n11.0pt;line-height:107%;font-family:&quot;맑은 고딕&quot;;mso-ascii-theme-font:minor-latin;\nmso-fareast-theme-font:minor-fareast;mso-hansi-theme-font:minor-latin;\nmso-bidi-font-family:&quot;Times New Roman&quot;;mso-bidi-theme-font:minor-bidi;\nmso-ansi-language:EN-US;mso-fareast-language:KO;mso-bidi-language:AR-SA\">Sockventure</span><span style=\"font-size:8.0pt;mso-bidi-font-size:11.0pt;line-height:107%;font-family:\n&quot;맑은 고딕&quot;;mso-ascii-theme-font:minor-latin;mso-fareast-theme-font:minor-fareast;\nmso-hansi-theme-font:minor-latin;mso-bidi-font-family:&quot;Times New Roman&quot;;\nmso-bidi-theme-font:minor-bidi;mso-ansi-language:EN-US;mso-fareast-language:\nKO;mso-bidi-language:AR-SA\">는 가장 좋아하는 양말이 저주받은 세탁기에 먹히는 아이에 대한 이야기를 다룬 게임입니다<span lang=\"EN-US\">. </span>아이는 즉시 도움이 필요하여 슈퍼히어로에게 구조를 부탁하고<span lang=\"EN-US\">, </span>모험이\n시작됩니다<span lang=\"EN-US\">. </span>세탁기 속에서 무시무시한 단계들을 통과하며 양말을 찾으세요<span lang=\"EN-US\">!</span></span><br></p>','전체','/upload/2021-07-12/e8db4cea-51f9-4097-9792-06f13c9e47ad.jpg',1,2,3,NULL,'/upload/2021-07-12/e8db4cea-51f9-4097-9792-06f13c9e47ad.jpg','/upload/2021-07-12/e8db4cea-51f9-4097-9792-06f13c9e47ad.jpg','/upload/2021-07-12/e8db4cea-51f9-4097-9792-06f13c9e47ad.jpg','/upload/2021-07-12/e8db4cea-51f9-4097-9792-06f13c9e47ad.jpg','/upload/2021-07-12/e8db4cea-51f9-4097-9792-06f13c9e47ad.jpg','2021-07-12 07:09:16',NULL,0,0),(2,'Alex Kidd in Miracle World DX','Jankenteam',20000,100,'전설이 Alex Kidd in Miracle World DX로 새롭고 멋진 세부묘사와 함께 우리 곁으로 돌아옵니다! 파워 팔찌를 가동시키고 새로운 모드, 레벨 및 기능과 함께 플랫폼 게임 클래식을 다시 체험해 보세요!','<p class=\"MsoNormal\"><span style=\"font-size:8.0pt;mso-bidi-font-size:11.0pt;\nline-height:107%\">전설의<span lang=\"EN-US\"> Alex Kidd</span>가<span lang=\"EN-US\"> Alex\nKidd in Miracle World DX</span>로 돌아옵니다<span lang=\"EN-US\">!<o:p></o:p></span></span></p><p>\n\n<span lang=\"EN-US\" style=\"font-size:8.0pt;mso-bidi-font-size:11.0pt;line-height:\n107%;font-family:&quot;맑은 고딕&quot;;mso-ascii-theme-font:minor-latin;mso-fareast-theme-font:\nminor-fareast;mso-hansi-theme-font:minor-latin;mso-bidi-font-family:&quot;Times New Roman&quot;;\nmso-bidi-theme-font:minor-bidi;mso-ansi-language:EN-US;mso-fareast-language:\nKO;mso-bidi-language:AR-SA\">1986</span><span style=\"font-size:8.0pt;mso-bidi-font-size:\n11.0pt;line-height:107%;font-family:&quot;맑은 고딕&quot;;mso-ascii-theme-font:minor-latin;\nmso-fareast-theme-font:minor-fareast;mso-hansi-theme-font:minor-latin;\nmso-bidi-font-family:&quot;Times New Roman&quot;;mso-bidi-theme-font:minor-bidi;\nmso-ansi-language:EN-US;mso-fareast-language:KO;mso-bidi-language:AR-SA\">년<span lang=\"EN-US\"> Alex Kidd in Miracle World</span>에서 우리 앞에 처음 모습을 나타냈던 상징적인<span lang=\"EN-US\"> Alex Kidd</span>가 다시 한번 바위를 깨부수고<span lang=\"EN-US\">, </span>코인을 수집하고<span lang=\"EN-US\">, </span>보스를 공격하기 위해<span lang=\"EN-US\"> Alex Kidd in Miracle World DX</span>로\n돌아옵니다<span lang=\"EN-US\">.</span></span><br></p>','전체','/upload/2021-07-12/2d5348ce-4f4c-4534-9551-aa6a0c1fbc8c.jpg',1,2,NULL,NULL,'/upload/2021-07-12/2d5348ce-4f4c-4534-9551-aa6a0c1fbc8c.jpg','/upload/2021-07-12/2d5348ce-4f4c-4534-9551-aa6a0c1fbc8c.jpg','/upload/2021-07-12/2d5348ce-4f4c-4534-9551-aa6a0c1fbc8c.jpg','/upload/2021-07-12/2d5348ce-4f4c-4534-9551-aa6a0c1fbc8c.jpg','/upload/2021-07-12/2d5348ce-4f4c-4534-9551-aa6a0c1fbc8c.jpg','2021-07-12 07:10:28',NULL,0,0),(3,'TIMELIE - GAME OF THE YEAR EDITION','Urnique Studio',18000,0,'퍼즐을 해결하고 이상하고도 비현실적인 세계의 비밀을 풀어가며 미디어 플레이어처럼 시간을 조종하고, 기묘한 고양이와 힘을 모으세요. 잠입하고, 문제를 해결하고, 탈출하고… 모두 함께하세요','<p class=\"MsoNormal\"><span lang=\"EN-US\" style=\"font-size:2.0pt;mso-bidi-font-size:\n11.0pt;line-height:107%\">Timelie</span><span style=\"font-size:2.0pt;mso-bidi-font-size:\n11.0pt;line-height:107%\">에서는 일분일초가 중요합니다<span lang=\"EN-US\"><o:p></o:p></span></span></p><p class=\"MsoNormal\"><span style=\"font-size:2.0pt;mso-bidi-font-size:11.0pt;\nline-height:107%\">잠행 퍼즐 게임으로<span lang=\"EN-US\">, </span>여러분의 손에 시간의 힘을 주는 관념적이고 비현실적인\n세계에 갇힌 소녀와 기묘한 고양이는 계속해서 그들을 쫓는 이름 없는 적을 피해 탈출해야 합니다<span lang=\"EN-US\">.<o:p></o:p></span></span></p><p class=\"MsoNormal\"><span style=\"font-size:2.0pt;mso-bidi-font-size:11.0pt;\nline-height:107%\">미래 보기 및 되감기<span lang=\"EN-US\"><o:p></o:p></span></span></p><p class=\"MsoNormal\"><span style=\"font-size:2.0pt;mso-bidi-font-size:11.0pt;\nline-height:107%\">타임라인 능력은 플레이어가 미디어 플레이어처럼 시간을 조종할 수 있게 해줍니다<span lang=\"EN-US\">.\n</span>타임라인을 왼쪽으로 끌어당기면 시간을 되감아 과거 실수를 되돌릴 수 있습니다<span lang=\"EN-US\">. </span>오른쪽으로\n끌어당기면 미래를 볼 수 있고<span lang=\"EN-US\">, </span>과거를 바꿀 수 있는 중요한 정보를 밝혀 얻을 수 있습니다<span lang=\"EN-US\">.<o:p></o:p></span></span></p><p class=\"MsoNormal\"><span style=\"font-size:2.0pt;mso-bidi-font-size:11.0pt;\nline-height:107%\">한 명이 경험하는 협동 플레이<span lang=\"EN-US\"><o:p></o:p></span></span></p><p class=\"MsoNormal\"><span style=\"font-size:2.0pt;mso-bidi-font-size:11.0pt;\nline-height:107%\">소녀와 고양이를 동시에 조종합니다<span lang=\"EN-US\">. </span>그렇게 움직임과 행동의 타이밍을\n조절해 서로 도와가며 발각당하지 않고<span lang=\"EN-US\">, </span>붙잡힌 세계에서 탈출해야 합니다<span lang=\"EN-US\">. </span>처음 경험하는 싱글 플레이어의 협동 플레이를 만나 보세요<span lang=\"EN-US\"><o:p></o:p></span></span></p><p class=\"MsoNormal\"><span style=\"font-size:2.0pt;mso-bidi-font-size:11.0pt;\nline-height:107%\">시간을 넘어선 세계<span lang=\"EN-US\"><o:p></o:p></span></span></p><p>\n\n\n\n\n\n\n\n\n\n\n\n\n\n<span style=\"font-size:2.0pt;mso-bidi-font-size:11.0pt;line-height:107%;\nfont-family:&quot;맑은 고딕&quot;;mso-ascii-theme-font:minor-latin;mso-fareast-theme-font:\nminor-fareast;mso-hansi-theme-font:minor-latin;mso-bidi-font-family:&quot;Times New Roman&quot;;\nmso-bidi-theme-font:minor-bidi;mso-ansi-language:EN-US;mso-fareast-language:\nKO;mso-bidi-language:AR-SA\">다채로운 개념과 비현실적 비주얼로 가득한 강렬한 세계에서 길을 잃었습니다<span lang=\"EN-US\">. </span>탐험해 나갈 이 이상한 곳은 위험과<span lang=\"EN-US\">... </span>새로운 발견으로 가득합니다</span><br></p>','12세','/upload/2021-07-12/02f08118-99bb-4e7d-8386-88c881bfc438.jpg',2,3,5,NULL,'/upload/2021-07-12/02f08118-99bb-4e7d-8386-88c881bfc438.jpg','/upload/2021-07-12/02f08118-99bb-4e7d-8386-88c881bfc438.jpg','/upload/2021-07-12/02f08118-99bb-4e7d-8386-88c881bfc438.jpg','/upload/2021-07-12/02f08118-99bb-4e7d-8386-88c881bfc438.jpg',NULL,'2021-07-12 07:13:29',NULL,0,0),(4,'LEGO® Builder\'s Journey','Light Brick Studio',20000,20,'LEGO® Builder\'s Journey는 분위기 있으면서도 기하학적인 퍼즐 게임입니다. 이 게임은 때로는 지시를 따르도록 요청하기도 합니다... 때로는 규칙을 어기라고 요청하기도 하죠.','<p class=\"MsoNormal\"><span lang=\"EN-US\" style=\"font-size:4.0pt;mso-bidi-font-size:\n11.0pt;line-height:107%\">LEGO® Builder\'s Journey</span><span style=\"font-size:\n4.0pt;mso-bidi-font-size:11.0pt;line-height:107%\">는 분위기 있으면서도 기하학적인 퍼즐 게임입니다<span lang=\"EN-US\">. </span>이 게임은 때로는 지시를 따르도록 요청하기도 합니다<span lang=\"EN-US\">... </span>때로는\n규칙을 어기라고 요청하기도 하죠<span lang=\"EN-US\">.<o:p></o:p></span></span></p><p class=\"MsoNormal\"><span style=\"font-size:4.0pt;mso-bidi-font-size:11.0pt;\nline-height:107%\">여유를 가지고 자유 형식의 퍼즐 풀기 게임을 하면서 시적인 레고<span lang=\"EN-US\">® </span>브릭의\n세계로 빠져보세요<span lang=\"EN-US\">. </span>이야기가 전개되는 내내 고조되었다가<span lang=\"EN-US\">, </span>떨어지기도\n하고<span lang=\"EN-US\">, </span>도전에 직면했다가<span lang=\"EN-US\">, </span>기쁨을 맛보기도 합니다<span lang=\"EN-US\">. </span>우리 자신이 누구인지<span lang=\"EN-US\">, </span>우리가 무엇이 될 것인지를 알아내는 것이\n바로<span lang=\"EN-US\"> Builder\'s Journey</span>입니다<span lang=\"EN-US\">.<o:p></o:p></span></span></p><p>\n\n\n\n<span style=\"font-size:4.0pt;mso-bidi-font-size:11.0pt;line-height:107%;\nfont-family:&quot;맑은 고딕&quot;;mso-ascii-theme-font:minor-latin;mso-fareast-theme-font:\nminor-fareast;mso-hansi-theme-font:minor-latin;mso-bidi-font-family:&quot;Times New Roman&quot;;\nmso-bidi-theme-font:minor-bidi;mso-ansi-language:EN-US;mso-fareast-language:\nKO;mso-bidi-language:AR-SA\">레고 브릭의 아름다운 세계가 레이 트레이싱을 포함하여 가장 정확하게 렌더링된 레고 요소들을 통해\n실제 같은 모습으로 화면 속에서 살아납니다<span lang=\"EN-US\">.</span></span><br></p>','전체','/upload/2021-07-12/8a487eb0-f226-442c-9a8b-daaa59530cf2.jpg',1,2,3,5,'/upload/2021-07-12/8a487eb0-f226-442c-9a8b-daaa59530cf2.jpg','/upload/2021-07-12/8a487eb0-f226-442c-9a8b-daaa59530cf2.jpg','/upload/2021-07-12/8a487eb0-f226-442c-9a8b-daaa59530cf2.jpg','/upload/2021-07-12/8a487eb0-f226-442c-9a8b-daaa59530cf2.jpg',NULL,'2021-07-12 07:15:09',NULL,0,0),(5,'Just Die Already','DoubleMoose',15500,0,'Just Die Already는 노인들이 난동판을 치고 다니는 샌드박스 게임으로 Goat Simulator의 디자이너들이 개발했습니다. 당신은 늙고 화가 나 있으며, 방금 양로원에서 쫓겨났습니다. 하지만 당신이 벌써 죽었으면 하는 이 세상에서 도대체 어떻게 살아남을 수 있을까요?','<p class=\"MsoNormal\"><span lang=\"EN-US\" style=\"font-size:3.0pt;mso-bidi-font-size:\n11.0pt;line-height:107%\">Just Die Already</span><span style=\"font-size:3.0pt;\nmso-bidi-font-size:11.0pt;line-height:107%\">는 노인들이 난동판을 치고 다니는 샌드박스 게임으로<span lang=\"EN-US\"> Goat Simulator</span>의 디자이너들이 개발했습니다<span lang=\"EN-US\">.<o:p></o:p></span></span></p><p class=\"MsoNormal\"><span style=\"font-size:3.0pt;mso-bidi-font-size:11.0pt;\nline-height:107%\">아무도 아이를 가지려 하지 않는 가까운 미래에 사는 당신은 은퇴한 노인입니다<span lang=\"EN-US\">. </span>진짜\n일을 하기보다는 비디오 게임 플레이를 더 좋아하고 고마움이라고는 손톱만큼도 알지 못하는 밀레니얼 세대로 인해 연금 제도에 돈을 부어줄 사람이 없습니다<span lang=\"EN-US\">. </span>생활비를 내어줄 사람조차 없는 당신은 이 세상 모든 다른 노인들처럼 혼자서 살아남는 수밖에 없습니다<span lang=\"EN-US\">.<o:p></o:p></span></span></p><p class=\"MsoNormal\"><span style=\"font-size:3.0pt;mso-bidi-font-size:11.0pt;\nline-height:107%\">하지만 당신이 벌써 죽었으면 하는 이 세상에서 도대체 어떻게 살아남을 수 있을까요<span lang=\"EN-US\">?<o:p></o:p></span></span></p><p class=\"MsoNormal\"><span style=\"font-size:3.0pt;mso-bidi-font-size:11.0pt;\nline-height:107%\">엎친데 덮친 격으로 양로원에서도 쫓겨났고<span lang=\"EN-US\">, </span>무료 요양 시설에 들어가는\n자격을 받을 수 있는 은퇴 티켓을 따기 위해서는 위험한 도전을 감행하고 세상을 탐험해야 합니다<span lang=\"EN-US\">.<o:p></o:p></span></span></p><p>\n\n\n\n\n\n\n\n<span style=\"font-size:3.0pt;mso-bidi-font-size:11.0pt;line-height:107%;\nfont-family:&quot;맑은 고딕&quot;;mso-ascii-theme-font:minor-latin;mso-fareast-theme-font:\nminor-fareast;mso-hansi-theme-font:minor-latin;mso-bidi-font-family:&quot;Times New Roman&quot;;\nmso-bidi-theme-font:minor-bidi;mso-ansi-language:EN-US;mso-fareast-language:\nKO;mso-bidi-language:AR-SA\">온 세상이 이렇게 당신이 죽어주길 기다리고 있으니<span lang=\"EN-US\">, </span>오히려\n좀 살아볼 만한 때가 아닐까요<span lang=\"EN-US\">?</span></span><br></p>','18세','/upload/2021-07-12/cde12400-d2c0-4606-8435-05790082a90c.jpg',1,2,11,NULL,'/upload/2021-07-12/cde12400-d2c0-4606-8435-05790082a90c.jpg','/upload/2021-07-12/cde12400-d2c0-4606-8435-05790082a90c.jpg','/upload/2021-07-12/cde12400-d2c0-4606-8435-05790082a90c.jpg','/upload/2021-07-12/cde12400-d2c0-4606-8435-05790082a90c.jpg','/upload/2021-07-12/cde12400-d2c0-4606-8435-05790082a90c.jpg','2021-07-12 07:17:25',NULL,0,0),(7,'SPONGEBOB SQUAREPANTS','Purple Lamp Studios',40000,20,'모두 준비됐나요? 완전히 리메이크된 화려한 스폰지 스타일의 컬트 클래식이 돌아왔습니다! SpongeBob, Patrick, Sandy로 플레이하여 악당 Plankton에게 범죄의 대가는 Mr. Krabs보다 무섭다는 것을 가르쳐 주세요','<p class=\"MsoNormal\"><span lang=\"EN-US\" style=\"font-size:4.0pt;mso-bidi-font-size:\n11.0pt;line-height:107%\">SpongeBob SquarePants: Battle for Bikini Bottom -\nRehydrated<o:p></o:p></span></p><p>\n\n<span style=\"font-size:4.0pt;mso-bidi-font-size:11.0pt;line-height:107%;\nfont-family:&quot;맑은 고딕&quot;;mso-ascii-theme-font:minor-latin;mso-fareast-theme-font:\nminor-fareast;mso-hansi-theme-font:minor-latin;mso-bidi-font-family:&quot;Times New Roman&quot;;\nmso-bidi-theme-font:minor-bidi;mso-ansi-language:EN-US;mso-fareast-language:\nKO;mso-bidi-language:AR-SA\">모두 준비됐나요<span lang=\"EN-US\">? </span>완전히 리메이크된 화려한 스폰지\n스타일의 컬트 클래식이 돌아왔습니다<span lang=\"EN-US\">! SpongeBob, Patrick, Sandy</span>로 플레이하여 악당<span lang=\"EN-US\"> Plankton</span>에게 범죄의 대가는<span lang=\"EN-US\"> Mr. Krabs</span>보다 무섭다는 것을\n가르쳐 주세요<span lang=\"EN-US\">. </span>막강한 거품을 사용해 엄청난 수의 로봇으로부터<span lang=\"EN-US\">\nBikini Bottom</span>을 구하고 싶으세요<span lang=\"EN-US\">? </span>당연히 그러시겠죠<span lang=\"EN-US\">! </span>팬티 번지 점프를 원하세요<span lang=\"EN-US\">? </span>물론 원하시겠죠<span lang=\"EN-US\">! </span>최신 멀티플레이어 모드에서 힘을 보태고 싶으세요<span lang=\"EN-US\">? </span>전투가 시작됐습니다</span><br></p>','전체','/upload/2021-07-12/7bbec8d2-253a-420f-a232-d6a0d9e4a8cb.JPG',1,2,3,7,'/upload/2021-07-12/7bbec8d2-253a-420f-a232-d6a0d9e4a8cb.JPG','/upload/2021-07-12/7bbec8d2-253a-420f-a232-d6a0d9e4a8cb.JPG','/upload/2021-07-12/7bbec8d2-253a-420f-a232-d6a0d9e4a8cb.JPG','/upload/2021-07-12/7bbec8d2-253a-420f-a232-d6a0d9e4a8cb.JPG','/upload/2021-07-12/7bbec8d2-253a-420f-a232-d6a0d9e4a8cb.JPG','2021-07-12 07:39:09',NULL,0,0),(8,'THE ARCHITECT: PARIS','Enodo Games',20000,10,'프랑스의 수도를 중세 모습 또는 미래적인 도시로 바꾸고, 공원을 둘러싼 상업 지역을 조성하고, 구소련의 위대한 도시에나 있을법한 거대한 광장을 만들어보세요. 지금껏 본 적 없는 정확도로 나만의 건물을 설계하세요','<p class=\"MsoNormal\"><span style=\"font-size:3.0pt;mso-bidi-font-size:11.0pt;\nline-height:107%\">건축가<span lang=\"EN-US\">\"</span>가 되어보세요<span lang=\"EN-US\">!<o:p></o:p></span></span></p><p class=\"MsoNormal\"><span lang=\"EN-US\" style=\"font-size:3.0pt;mso-bidi-font-size:\n11.0pt;line-height:107%\">The Architect: Paris(TA:P)</span><span style=\"font-size:3.0pt;mso-bidi-font-size:11.0pt;line-height:107%\">는 건축 게임입니다<span lang=\"EN-US\">.<o:p></o:p></span></span></p><p class=\"MsoNormal\"><span style=\"font-size:3.0pt;mso-bidi-font-size:11.0pt;\nline-height:107%\">프랑스의 수도를 중세 모습 또는 미래적인 도시로 바꾸고<span lang=\"EN-US\">, </span>공원을 둘러싼\n상업 지역을 조성하고<span lang=\"EN-US\">, </span>구소련의 위대한 도시에나 있을법한 거대한 광장을 만들고<span lang=\"EN-US\">, </span>가장 현대적인 디자인과 역사적 건축물이 어우러진 이웃을 상상해 보세요<span lang=\"EN-US\">...<o:p></o:p></span></span></p><p class=\"MsoNormal\"><span style=\"font-size:3.0pt;mso-bidi-font-size:11.0pt;\nline-height:107%\">지금껏 본 적 없는 정확도로 나만의 건물을 설계하세요<span lang=\"EN-US\">. Enodo Games</span>는\n벽돌부터 건물까지 선택할 수 있는 강력한 시스템을 개발했습니다<span lang=\"EN-US\">. </span>자신의 프로젝트를 완벽하게 제어하세요<span lang=\"EN-US\">.<o:p></o:p></span></span></p><p class=\"MsoNormal\"><span style=\"font-size:3.0pt;mso-bidi-font-size:11.0pt;\nline-height:107%\">파괴하세요<span lang=\"EN-US\">. </span>설계하세요<span lang=\"EN-US\">. </span>건설하세요<span lang=\"EN-US\">. </span>그리고 원하는 만큼 다시 시작하세요<span lang=\"EN-US\">.<o:p></o:p></span></span></p><p class=\"MsoNormal\"><span style=\"font-size:3.0pt;mso-bidi-font-size:11.0pt;\nline-height:107%\">기본 게임<span lang=\"EN-US\"><o:p></o:p></span></span></p><p class=\"MsoNormal\"><span style=\"font-size:3.0pt;mso-bidi-font-size:11.0pt;\nline-height:107%\">얼리 액세스<span lang=\"EN-US\"><o:p></o:p></span></span></p><p>\n\n\n\n\n\n\n\n\n\n\n\n\n\n<span lang=\"EN-US\" style=\"font-size:3.0pt;mso-bidi-font-size:11.0pt;line-height:\n107%;font-family:&quot;맑은 고딕&quot;;mso-ascii-theme-font:minor-latin;mso-fareast-theme-font:\nminor-fareast;mso-hansi-theme-font:minor-latin;mso-bidi-font-family:&quot;Times New Roman&quot;;\nmso-bidi-theme-font:minor-bidi;mso-ansi-language:EN-US;mso-fareast-language:\nKO;mso-bidi-language:AR-SA\">₩18,000</span><br></p>','전체','/upload/2021-07-12/7c565b9c-2d84-4f14-915b-353ee863a5f0.jpg',4,5,NULL,NULL,'/upload/2021-07-12/7c565b9c-2d84-4f14-915b-353ee863a5f0.jpg','/upload/2021-07-12/7c565b9c-2d84-4f14-915b-353ee863a5f0.jpg','/upload/2021-07-12/7c565b9c-2d84-4f14-915b-353ee863a5f0.jpg','/upload/2021-07-12/7c565b9c-2d84-4f14-915b-353ee863a5f0.jpg','/upload/2021-07-12/7c565b9c-2d84-4f14-915b-353ee863a5f0.jpg','2021-07-12 07:40:33',NULL,0,0),(9,'OVERCOOKED! 2','Ghost Town Games ',12000,100,'Overcooked!가 완전히 새로운 혼돈 속 요리 액션으로 돌아옵니다! 양파 왕국으로 돌아가 고전 로컬 협동전 또는 온라인 플레이에서 최대 4인의 셰프와 팀을 짜보세요. 앞치마를 꼭 붙드세요... 세상을 구할 때입니다(한 번 더요!)','<p class=\"MsoNormal\"><span lang=\"EN-US\" style=\"font-size:6.0pt;mso-bidi-font-size:\n11.0pt;line-height:107%\">Overcooked! 2<o:p></o:p></span></p><p>\n\n<span lang=\"EN-US\" style=\"font-size:6.0pt;mso-bidi-font-size:11.0pt;line-height:\n107%;font-family:&quot;맑은 고딕&quot;;mso-ascii-theme-font:minor-latin;mso-fareast-theme-font:\nminor-fareast;mso-hansi-theme-font:minor-latin;mso-bidi-font-family:&quot;Times New Roman&quot;;\nmso-bidi-theme-font:minor-bidi;mso-ansi-language:EN-US;mso-fareast-language:\nKO;mso-bidi-language:AR-SA\">Overcooked!</span><span style=\"font-size:6.0pt;\nmso-bidi-font-size:11.0pt;line-height:107%;font-family:&quot;맑은 고딕&quot;;mso-ascii-theme-font:\nminor-latin;mso-fareast-theme-font:minor-fareast;mso-hansi-theme-font:minor-latin;\nmso-bidi-font-family:&quot;Times New Roman&quot;;mso-bidi-theme-font:minor-bidi;\nmso-ansi-language:EN-US;mso-fareast-language:KO;mso-bidi-language:AR-SA\">가 완전히 새로운\n혼돈 속 요리 액션으로 돌아옵니다<span lang=\"EN-US\">! </span>양파 왕국으로 돌아가 고전 로컬 협동전 또는 온라인 플레이에서 최대<span lang=\"EN-US\"> 4</span>인의 셰프와 팀을 짜보세요<span lang=\"EN-US\">. </span>앞치마를 꼭 붙드세요<span lang=\"EN-US\">... </span>세상을 구할 때입니다<span lang=\"EN-US\">(</span>한 번 더요<span lang=\"EN-US\">!)</span></span><br></p>','전체','/upload/2021-07-12/0431f89d-027e-4154-8ce3-6885231ad0a9.jpg',10,NULL,NULL,NULL,'/upload/2021-07-12/0431f89d-027e-4154-8ce3-6885231ad0a9.jpg','/upload/2021-07-12/0431f89d-027e-4154-8ce3-6885231ad0a9.jpg','/upload/2021-07-12/0431f89d-027e-4154-8ce3-6885231ad0a9.jpg','/upload/2021-07-12/0431f89d-027e-4154-8ce3-6885231ad0a9.jpg','/upload/2021-07-12/0431f89d-027e-4154-8ce3-6885231ad0a9.jpg','2021-07-12 07:42:45',NULL,0,0),(10,'MARS HORIZON','Auroch Digital',20000,14,'인류를 화성으로 이끌면서 대형 우주 기관을 운영하세요. 기지를 구축하고, 로켓을 설계하여 구축하고, 태양계 전체에 걸쳐 미션을 진행하고, 우주 탐험 역사의 장에 나만의 역사를 써 내려가세요. European Space Agency의 지원으로 제작되었습니다','<p><span lang=\"EN-US\" style=\"font-size:5.0pt;mso-bidi-font-size:\n11.0pt;line-height:107%;font-family:&quot;맑은 고딕&quot;;mso-ascii-theme-font:minor-latin;\nmso-fareast-theme-font:minor-fareast;mso-hansi-theme-font:minor-latin;\nmso-bidi-font-family:&quot;Times New Roman&quot;;mso-bidi-theme-font:minor-bidi;\nmso-ansi-language:EN-US;mso-fareast-language:KO;mso-bidi-language:AR-SA\">Mars\nHorizon</span><span style=\"font-size:5.0pt;mso-bidi-font-size:11.0pt;\nline-height:107%;font-family:&quot;맑은 고딕&quot;;mso-ascii-theme-font:minor-latin;\nmso-fareast-theme-font:minor-fareast;mso-hansi-theme-font:minor-latin;\nmso-bidi-font-family:&quot;Times New Roman&quot;;mso-bidi-theme-font:minor-bidi;\nmso-ansi-language:EN-US;mso-fareast-language:KO;mso-bidi-language:AR-SA\">에서 여러분은\n대형 우주 기관을 통제하면서 우주시대의 도래로부터 화성에 우주 비행사를 착륙시키는 것까지 이끌게 됩니다<span lang=\"EN-US\">. </span>우주에서\n벌어지는 경주에서 우주 기관을 이끌고<span lang=\"EN-US\">, </span>우주 여행에 대한 나만의 역사를 써 내려가 보세요<span lang=\"EN-US\">. </span>올바른 선택을 한다면 이들 중 그 어떠한 기관도 달에 가장 먼저 착륙하는 기관이 될 수 있습니다<span lang=\"EN-US\">. </span>여러분은 우주를 향한 여정에 관련된 모든 요소를 책임지고 있습니다<span lang=\"EN-US\">. </span>이는\n내가 내리는 결정에 따라 성공 여부가 결정된다는 뜻입니다<span lang=\"EN-US\">.</span></span><br></p>','전체','/upload/2021-07-12/f7e3cca1-af1c-46a8-9f0b-e48048f37e7b.jpg',3,7,8,NULL,'/upload/2021-07-12/f7e3cca1-af1c-46a8-9f0b-e48048f37e7b.jpg','/upload/2021-07-12/f7e3cca1-af1c-46a8-9f0b-e48048f37e7b.jpg','/upload/2021-07-12/f7e3cca1-af1c-46a8-9f0b-e48048f37e7b.jpg','/upload/2021-07-12/f7e3cca1-af1c-46a8-9f0b-e48048f37e7b.jpg','/upload/2021-07-12/f7e3cca1-af1c-46a8-9f0b-e48048f37e7b.jpg','2021-07-12 07:44:29',NULL,0,0),(11,'LUNA\'S FISHING GARDEN','Coldwild Games',9000,0,'Luna\'s Fishing Garden은 포근한 낚시 및 건설 게임입니다. 물고기를 잡고, 거래하고, 나무를 새로 심고, 물을 주고, 다도해에 동물을 데려오며 꿈에 그리던 정원을 만드세요.','<p class=\"MsoNormal\"><span lang=\"EN-US\" style=\"font-size:3.0pt;mso-bidi-font-size:\n11.0pt;line-height:107%\">Cassie</span><span style=\"font-size:3.0pt;mso-bidi-font-size:\n11.0pt;line-height:107%\">는 신비로운 여우 혼령<span lang=\"EN-US\"> Luna</span>가 지배하는 한 섬에서 깨어납니다<span lang=\"EN-US\">. </span>그리고 얼마 후<span lang=\"EN-US\">, </span>최대 규모의 정원을 만드는 임무를 맡게 됩니다<span lang=\"EN-US\">!<o:p></o:p></span></span></p><p class=\"MsoNormal\"><span lang=\"EN-US\" style=\"font-size:3.0pt;mso-bidi-font-size:\n11.0pt;line-height:107%\">Luna\'s Fishing Garden</span><span style=\"font-size:\n3.0pt;mso-bidi-font-size:11.0pt;line-height:107%\">은 포근한 낚시 및 건설 게임입니다<span lang=\"EN-US\">. </span>물고기를 잡고<span lang=\"EN-US\">, </span>여우 혼령과 거래하고<span lang=\"EN-US\">, </span>나무를 새로 심고<span lang=\"EN-US\">, </span>물을 주고<span lang=\"EN-US\">, </span>다도해에\n동물을 데려오며 꿈에 그리던 정원을 만드세요<span lang=\"EN-US\">.<o:p></o:p></span></span></p><p class=\"MsoNormal\"><span style=\"font-size:3.0pt;mso-bidi-font-size:11.0pt;\nline-height:107%\">원하는 방식대로 플레이할 수 있습니다<span lang=\"EN-US\"><o:p></o:p></span></span></p><p>\n\n\n\n\n\n<span style=\"font-size:3.0pt;mso-bidi-font-size:11.0pt;line-height:107%;\nfont-family:&quot;맑은 고딕&quot;;mso-ascii-theme-font:minor-latin;mso-fareast-theme-font:\nminor-fareast;mso-hansi-theme-font:minor-latin;mso-bidi-font-family:&quot;Times New Roman&quot;;\nmso-bidi-theme-font:minor-bidi;mso-ansi-language:EN-US;mso-fareast-language:\nKO;mso-bidi-language:AR-SA\">섬에서 여유로운 속도로 낚시<span lang=\"EN-US\">, </span>나무 심기<span lang=\"EN-US\">, </span>물주기 동물 정착시키기를 즐겨보세요<span lang=\"EN-US\">. </span>메인 스토리를 마치고 나면\n원하는 대로 머물며 정원을 건설해도 좋습니다<span lang=\"EN-US\">. </span>어떻게 하더라도 득이 되는 게임입니다<span lang=\"EN-US\">.</span></span><br></p>','전체','/upload/2021-07-12/49f8e834-d1ac-4b3e-87c4-4584cb37161e.jpg',7,8,10,NULL,'/upload/2021-07-12/49f8e834-d1ac-4b3e-87c4-4584cb37161e.jpg','/upload/2021-07-12/49f8e834-d1ac-4b3e-87c4-4584cb37161e.jpg','/upload/2021-07-12/49f8e834-d1ac-4b3e-87c4-4584cb37161e.jpg','/upload/2021-07-12/49f8e834-d1ac-4b3e-87c4-4584cb37161e.jpg','/upload/2021-07-12/49f8e834-d1ac-4b3e-87c4-4584cb37161e.jpg','2021-07-12 07:46:14',NULL,0,0),(12,'KILLING FLOOR 2','Tripwire Interactive',30000,0,'KILLING FLOOR 2에서 플레이어들은 Zed가 가득한 유럽 대륙으로 내려가야 합니다. 괴기스럽고 잔인한 클론 Zed는 Horzine Corporation의 흉포한 악당에 의해 만들어졌습니다. 6인 플레이어 협동전 및 12인 플레이어 대 Zed 사살 작전.','<p><span lang=\"EN-US\" style=\"font-size:5.0pt;mso-bidi-font-size:\n11.0pt;line-height:107%;font-family:&quot;맑은 고딕&quot;;mso-ascii-theme-font:minor-latin;\nmso-fareast-theme-font:minor-fareast;mso-hansi-theme-font:minor-latin;\nmso-bidi-font-family:&quot;Times New Roman&quot;;mso-bidi-theme-font:minor-bidi;\nmso-ansi-language:EN-US;mso-fareast-language:KO;mso-bidi-language:AR-SA\">KILLING\nFLOOR 2</span><span style=\"font-size:5.0pt;mso-bidi-font-size:11.0pt;\nline-height:107%;font-family:&quot;맑은 고딕&quot;;mso-ascii-theme-font:minor-latin;\nmso-fareast-theme-font:minor-fareast;mso-hansi-theme-font:minor-latin;\nmso-bidi-font-family:&quot;Times New Roman&quot;;mso-bidi-theme-font:minor-bidi;\nmso-ansi-language:EN-US;mso-fareast-language:KO;mso-bidi-language:AR-SA\">에서 플레이어들은<span lang=\"EN-US\"> Zed</span>가 가득한 유럽 대륙으로 내려가야 합니다<span lang=\"EN-US\">. </span>괴기스럽고 잔인한\n클론<span lang=\"EN-US\"> Zed</span>는<span lang=\"EN-US\"> Horzine Corporation</span>의 흉포한\n악당에 의해 만들어졌습니다<span lang=\"EN-US\">. 6</span>인 플레이어 협동전 및<span lang=\"EN-US\"> 12</span>인\n플레이어 대<span lang=\"EN-US\"> Zed </span>사살 작전<span lang=\"EN-US\">.</span></span><br></p>','18세','/upload/2021-07-12/fa8be7c7-4958-4f33-a095-db6a35ae2416.jpg',1,8,9,NULL,'/upload/2021-07-12/fa8be7c7-4958-4f33-a095-db6a35ae2416.jpg','/upload/2021-07-12/fa8be7c7-4958-4f33-a095-db6a35ae2416.jpg','/upload/2021-07-12/fa8be7c7-4958-4f33-a095-db6a35ae2416.jpg','/upload/2021-07-12/fa8be7c7-4958-4f33-a095-db6a35ae2416.jpg','/upload/2021-07-12/fa8be7c7-4958-4f33-a095-db6a35ae2416.jpg','2021-07-12 07:47:28',NULL,1,30000),(13,'CARNIVAL GAMES','Mass Media Games',48000,20,'Carnival Games는 누구나 즐길 수 있으며, 혼자 또는 최대 세 명의 다른 플레이어와 함께 플레이 가능합니다. 총 20개의 미니게임에서 여러분과 친구들이 승리에 승리를 거듭할 수 있도록 해 줄 것입니다!','<p class=\"MsoNormal\"><span lang=\"EN-US\" style=\"font-size:3.0pt;mso-bidi-font-size:\n11.0pt;line-height:107%\">Carnival Games<o:p></o:p></span></p><p class=\"MsoNormal\"><span lang=\"EN-US\" style=\"font-size:3.0pt;mso-bidi-font-size:\n11.0pt;line-height:107%\">Carnival Games</span><span style=\"font-size:3.0pt;\nmso-bidi-font-size:11.0pt;line-height:107%\">가 온 가족을 위한 파티를 부활시켰습니다<span lang=\"EN-US\">! </span>제일 인기있는 게임과 완전히 새로운 미니게임들을 하나의 패키지에 담은<span lang=\"EN-US\">\nCarnival Games</span>는 누구나 즐길 수 있으며<span lang=\"EN-US\">, </span>혼자 또는 최대 네 명이 함께 플레이\n가능합니다<span lang=\"EN-US\">. </span>홈런을 치고<span lang=\"EN-US\">, </span>가장 높이 케이크를 쌓아 올리거나<span lang=\"EN-US\">, </span>결승선까지 말을 타고 질주하세요<span lang=\"EN-US\">. </span>총<span lang=\"EN-US\"> 20</span>개의 미니게임에서 여러분과 친구들이 승리에 승리를 거듭할 수 있도록 해 줄 것입니다<span lang=\"EN-US\">!<o:p></o:p></span></span></p><p class=\"MsoNormal\"><span style=\"font-size:3.0pt;mso-bidi-font-size:11.0pt;\nline-height:107%\">모두를 위한 재미있고 다양한<span lang=\"EN-US\"> Carnival Games:<o:p></o:p></span></span></p><p>\n\n\n\n\n\n<span style=\"font-size:3.0pt;mso-bidi-font-size:11.0pt;line-height:107%;\nfont-family:&quot;맑은 고딕&quot;;mso-ascii-theme-font:minor-latin;mso-fareast-theme-font:\nminor-fareast;mso-hansi-theme-font:minor-latin;mso-bidi-font-family:&quot;Times New Roman&quot;;\nmso-bidi-theme-font:minor-bidi;mso-ansi-language:EN-US;mso-fareast-language:\nKO;mso-bidi-language:AR-SA\">현실의 마을 축제처럼<span lang=\"EN-US\">, Carnival Games</span>에는\n여러번 즐길 수 있는 짜릿한 미니 게임들로 가득 차 있습니다<span lang=\"EN-US\">. </span>농구공 넣기 게임<span lang=\"EN-US\">(\"Swish\")</span>이나 거슬리는 광대들을 쓰러뜨리는 게임<span lang=\"EN-US\">(\"Clowning\nAround\")</span>같은 전통적인 미니 게임들에 더해<span lang=\"EN-US\">, </span>플라잉 드론 레이싱 게임<span lang=\"EN-US\">(\"Light Speed\"), </span>코스믹 볼링 게임<span lang=\"EN-US\">(\"Cosmic\nStrike\")</span>같은 다른 어트랙션을 추가했습니다<span lang=\"EN-US\">. </span>총<span lang=\"EN-US\"> 20</span>개의 게임을 제공하는<span lang=\"EN-US\"> Carnival Games</span>는 모두에게 환상적인\n시간을 제공할 것입니다<span lang=\"EN-US\">.</span></span><br></p>','전체','/upload/2021-07-12/7b8ea163-b498-4955-94b4-839f5cbb0644.jpg',1,2,3,NULL,'/upload/2021-07-12/7b8ea163-b498-4955-94b4-839f5cbb0644.jpg','/upload/2021-07-12/7b8ea163-b498-4955-94b4-839f5cbb0644.jpg',NULL,NULL,NULL,'2021-07-12 07:48:49',NULL,0,0),(14,'READYSET HEROES','Robot Entertainment',20000,0,'빠르게 전개되는 멀티플레이어 던전 탐험과 난투형 액션이 만나는 게임에서 친구와 경쟁하며 진정한 영웅으로 거듭나세요! 캐릭터를 고르고 무작위 던전을 지나며 파워업하고, 궁극의 난투를 경험하세요. 팀은 2개, 하지만 승리자는 1팀 뿐!','<p class=\"MsoNormal\"><span lang=\"EN-US\" style=\"font-size:5.0pt;mso-bidi-font-size:\n11.0pt;line-height:107%\">ReadySet Heroes<o:p></o:p></span></p><p>\n\n<span style=\"font-size:5.0pt;mso-bidi-font-size:11.0pt;line-height:107%;\nfont-family:&quot;맑은 고딕&quot;;mso-ascii-theme-font:minor-latin;mso-fareast-theme-font:\nminor-fareast;mso-hansi-theme-font:minor-latin;mso-bidi-font-family:&quot;Times New Roman&quot;;\nmso-bidi-theme-font:minor-bidi;mso-ansi-language:EN-US;mso-fareast-language:\nKO;mso-bidi-language:AR-SA\">빠르게 전개되는 멀티플레이어 던전 탐험과 난투형 액션이 만나는 게임에서 진정한 영웅으로 거듭나세요<span lang=\"EN-US\">! </span>캐릭터를 고르고 무작위 던전들을 돌파하며 몬스터를 무찌르고<span lang=\"EN-US\">, </span>함정을\n피하며 전리품을 획득하고 강해지세요<span lang=\"EN-US\">. </span>같은 던전을 탐험 중인 상대 팀도 있으니 강해질 이유는 충분합니다<span lang=\"EN-US\">! </span>끝에 먼저 도달한 팀은 격렬한<span lang=\"EN-US\"> “</span>승자독식<span lang=\"EN-US\">” </span>난투를 개시합니다<span lang=\"EN-US\">. </span>두 개의 팀이 입장하지만<span lang=\"EN-US\">, </span>승자는 오직 하나뿐이겠죠<span lang=\"EN-US\">.</span></span><br></p>','12세','/upload/2021-07-12/1112e280-03de-4bcd-8a37-d051fd561fc1.JPG',1,2,9,NULL,'/upload/2021-07-12/1112e280-03de-4bcd-8a37-d051fd561fc1.JPG','/upload/2021-07-12/1112e280-03de-4bcd-8a37-d051fd561fc1.JPG','/upload/2021-07-12/1112e280-03de-4bcd-8a37-d051fd561fc1.JPG','/upload/2021-07-12/1112e280-03de-4bcd-8a37-d051fd561fc1.JPG','/upload/2021-07-12/1112e280-03de-4bcd-8a37-d051fd561fc1.JPG','2021-07-12 07:54:26',NULL,0,0),(15,'SURGEON SIMULATOR 2','Bossa Studios',25000,0,'터무니없는 경쟁 및 협동 플레이, 멋진 빌더 모드를 갖춘 이 물리 기반 수술 시뮬레이션 게임에서 혼자 수술복을 걸치고 플레이하거나 온라인에서 4인이 함께 플레이해보세요. Bossa Labs Medical Facility의 미스터리를 밝히고 Bob의 목숨을 구하세요.','<p class=\"MsoNormal\"><span style=\"font-size:4.0pt;mso-bidi-font-size:11.0pt;\nline-height:107%\">단체로 트라우마에 걸릴 준비하세요<span lang=\"EN-US\">!<o:p></o:p></span></span></p><p>\n\n<span lang=\"EN-US\" style=\"font-size:4.0pt;mso-bidi-font-size:11.0pt;line-height:\n107%;font-family:&quot;맑은 고딕&quot;;mso-ascii-theme-font:minor-latin;mso-fareast-theme-font:\nminor-fareast;mso-hansi-theme-font:minor-latin;mso-bidi-font-family:&quot;Times New Roman&quot;;\nmso-bidi-theme-font:minor-bidi;mso-ansi-language:EN-US;mso-fareast-language:\nKO;mso-bidi-language:AR-SA\">Bob</span><span style=\"font-size:4.0pt;mso-bidi-font-size:\n11.0pt;line-height:107%;font-family:&quot;맑은 고딕&quot;;mso-ascii-theme-font:minor-latin;\nmso-fareast-theme-font:minor-fareast;mso-hansi-theme-font:minor-latin;\nmso-bidi-font-family:&quot;Times New Roman&quot;;mso-bidi-theme-font:minor-bidi;\nmso-ansi-language:EN-US;mso-fareast-language:KO;mso-bidi-language:AR-SA\">의 운명은 여러분의\n손에 달려 있습니다<span lang=\"EN-US\">! </span>이제 이<span lang=\"EN-US\"> 1~4</span>인 플레이어용 혼란스러운\n물리 기반 수술실 게임에서 수술복을 입고<span lang=\"EN-US\">, </span>근처에 있는 메스<span lang=\"EN-US\">(</span>톱\n또는 싱크 플런저<span lang=\"EN-US\">)</span>를 집고<span lang=\"EN-US\">, Bossa Labs Medical\nFacility</span>로 입장할 때입니다<span lang=\"EN-US\">. </span>시끌벅적한 대결 챌린지에서 의료 시설의 수장을 맡으세요<span lang=\"EN-US\">. Surgeon Simulator 2</span>의 우스꽝스러운<span lang=\"EN-US\"> Campaign Mode</span>로\n피가 미친 듯이 튀는 협동 게임을 플레이하거나 혼자 플레이하세요<span lang=\"EN-US\">. </span>창의력을 조금 주입하고 싶으세요<span lang=\"EN-US\">? Creation Mode</span>에 들어가 혼자 새로운 게임 레벨을 만들거나 팀을 짠 후 멀티플레이어 생성 툴로 멋진\n게임을 만들어보세요<span lang=\"EN-US\">.</span></span><br></p>','18세','/upload/2021-07-12/cb3dabb9-a315-44a7-bb1f-09f1d3504d7c.jpg',1,5,6,10,'/upload/2021-07-12/cb3dabb9-a315-44a7-bb1f-09f1d3504d7c.jpg','/upload/2021-07-12/cb3dabb9-a315-44a7-bb1f-09f1d3504d7c.jpg','/upload/2021-07-12/cb3dabb9-a315-44a7-bb1f-09f1d3504d7c.jpg','/upload/2021-07-12/cb3dabb9-a315-44a7-bb1f-09f1d3504d7c.jpg','/upload/2021-07-12/cb3dabb9-a315-44a7-bb1f-09f1d3504d7c.jpg','2021-07-12 07:58:22',NULL,0,0),(16,'OPEN COUNTRY','FunLabs',15000,0,'스카우트 여러분, 이제 얼마나 능력이 대단한지 보여주세요. 도시 생활에서 벗어나 진실된 야생 활동가로서 살아갈 수 있음을 증명해 보이세요. 야생의 생활은 겁쟁이들에게는 맞지 않는 삶이랍니다. 하지만 열심히 노력하고, 사냥과 크래프팅 스킬을 계속 연마하고, 환경을 이용하면서 자연과 하나가 될 수 있는 방법을 배우면 Master Outdoorsman이 되고 야','<p><span style=\"font-size:4.0pt;mso-bidi-font-size:11.0pt;\nline-height:107%;font-family:&quot;맑은 고딕&quot;;mso-ascii-theme-font:minor-latin;\nmso-fareast-theme-font:minor-fareast;mso-hansi-theme-font:minor-latin;\nmso-bidi-font-family:&quot;Times New Roman&quot;;mso-bidi-theme-font:minor-bidi;\nmso-ansi-language:EN-US;mso-fareast-language:KO;mso-bidi-language:AR-SA\">이제 야생의\n세계에 들어설 준비가 되셨나요<span lang=\"EN-US\">? </span>백팩을 공급품으로 채우고<span lang=\"EN-US\">, </span>엽총은\n장전하고<span lang=\"EN-US\">, </span>도시의 생활을 뒤로 남기고 떠날 준비가 되었습니다<span lang=\"EN-US\">. </span>해가\n지기 전에 캠핑 준비를 하고 모닥불을 지펴두세요<span lang=\"EN-US\">. </span>늑대나 곰은 굶주려 있기 때문에 여러분은 완벽한 먹이감으로\n보이거든요<span lang=\"EN-US\">. </span>레인저는 야생에서 노련한 활동가로부터의 도움이 필요하며<span lang=\"EN-US\">\nSnowridge Lodge</span>의<span lang=\"EN-US\"> Gary</span>도 어려운 몇 개월간을 생존하기 위해 사냥감이 더\n필요합니다<span lang=\"EN-US\">. </span>야생에서 생존을 위한 도전을 할 준비가 되셨나요<span lang=\"EN-US\">?</span></span><br></p>','12세','/upload/2021-07-12/533bc43e-8dbd-463d-984e-efea591d686c.jpg',1,2,8,NULL,'/upload/2021-07-12/533bc43e-8dbd-463d-984e-efea591d686c.jpg','/upload/2021-07-12/533bc43e-8dbd-463d-984e-efea591d686c.jpg','/upload/2021-07-12/533bc43e-8dbd-463d-984e-efea591d686c.jpg','/upload/2021-07-12/533bc43e-8dbd-463d-984e-efea591d686c.jpg','/upload/2021-07-12/533bc43e-8dbd-463d-984e-efea591d686c.jpg','2021-07-12 08:04:53',NULL,1,15000),(17,'BUGSNAX','Young Horses',25000,20,'우리가 먹는 것이 우리를 만듭니다. Bugsnax에서 전설적인 반 벌레 반 과자 생물, Bugsnax가 사는 Snaktooth Island를 유쾌하게 탐험해보세요.','<p class=\"MsoNormal\"><span lang=\"EN-US\" style=\"font-size:5.0pt;mso-bidi-font-size:\n11.0pt;line-height:107%\">Bugsnax</span><span style=\"font-size:5.0pt;mso-bidi-font-size:\n11.0pt;line-height:107%\">에서 전설적인 반 벌레 반 과자 생물<span lang=\"EN-US\">, Bugsnax</span>가\n사는<span lang=\"EN-US\"> Snaktooth Island</span>를 유쾌하게 탐험해보세요<span lang=\"EN-US\">. </span>용감무쌍한\n탐험가<span lang=\"EN-US\"> Elizabert Megafig</span>의 초대를 받아 도착했지만<span lang=\"EN-US\">, </span>그는\n어디로 간 걸까요<span lang=\"EN-US\">? </span>난장판인<span lang=\"EN-US\"> Elizabert</span>의 캠프와 섬\n전체에 흩어진 추종자들을 찾아내며 이 섬을 혼자서<span lang=\"EN-US\">...</span>그리고 굶주린 채 탐색해야 합니다<span lang=\"EN-US\">!<o:p></o:p></span></span></p><p>\n\n<span lang=\"EN-US\" style=\"font-size:5.0pt;mso-bidi-font-size:11.0pt;line-height:\n107%;font-family:&quot;맑은 고딕&quot;;mso-ascii-theme-font:minor-latin;mso-fareast-theme-font:\nminor-fareast;mso-hansi-theme-font:minor-latin;mso-bidi-font-family:&quot;Times New Roman&quot;;\nmso-bidi-theme-font:minor-bidi;mso-ansi-language:EN-US;mso-fareast-language:\nKO;mso-bidi-language:AR-SA\">Snaktooth Island</span><span style=\"font-size:5.0pt;\nmso-bidi-font-size:11.0pt;line-height:107%;font-family:&quot;맑은 고딕&quot;;mso-ascii-theme-font:\nminor-latin;mso-fareast-theme-font:minor-fareast;mso-hansi-theme-font:minor-latin;\nmso-bidi-font-family:&quot;Times New Roman&quot;;mso-bidi-theme-font:minor-bidi;\nmso-ansi-language:EN-US;mso-fareast-language:KO;mso-bidi-language:AR-SA\">의 수수께끼와<span lang=\"EN-US\"> Elizabert</span>에게 생긴 일을 해결하는 것은 여러분의 몫입니다<span lang=\"EN-US\">.\nBugsnax</span>는 무엇이고 어디에서 나타난 걸까요<span lang=\"EN-US\">? </span>무엇보다도<span lang=\"EN-US\">, </span>왜 이렇게 맛있는 </span><span style=\"font-size:3.0pt;mso-bidi-font-size:\n11.0pt;line-height:107%;font-family:&quot;맑은 고딕&quot;;mso-ascii-theme-font:minor-latin;\nmso-fareast-theme-font:minor-fareast;mso-hansi-theme-font:minor-latin;\nmso-bidi-font-family:&quot;Times New Roman&quot;;mso-bidi-theme-font:minor-bidi;\nmso-ansi-language:EN-US;mso-fareast-language:KO;mso-bidi-language:AR-SA\">거죠<span lang=\"EN-US\">?</span></span><br></p>','12세','/upload/2021-07-12/96bfd40a-15ad-47f6-9cde-fdc6a94a7991.jpg',1,2,3,9,'/upload/2021-07-12/96bfd40a-15ad-47f6-9cde-fdc6a94a7991.jpg','/upload/2021-07-12/96bfd40a-15ad-47f6-9cde-fdc6a94a7991.jpg','/upload/2021-07-12/96bfd40a-15ad-47f6-9cde-fdc6a94a7991.jpg','/upload/2021-07-12/96bfd40a-15ad-47f6-9cde-fdc6a94a7991.jpg','/upload/2021-07-12/96bfd40a-15ad-47f6-9cde-fdc6a94a7991.jpg','2021-07-12 08:07:08',NULL,0,0),(18,'3 OUT OF 10','Terrible Posture Games, Inc.',10000,100,'Join the ongoing adventures of developers at the world\'s worst video game studio as they endure antics both absurd and topical. This week the team settles a question the way only game developers can; ','<p class=\"MsoNormal\"><span lang=\"EN-US\" style=\"font-size:5.0pt;mso-bidi-font-size:\n11.0pt;line-height:107%\">Will Shovelworks Studios ever make a game that scores\nbetter than a 3/10?<o:p></o:p></span></p><p class=\"MsoNormal\"><span lang=\"EN-US\" style=\"font-size:5.0pt;mso-bidi-font-size:\n11.0pt;line-height:107%\">Welcome to the world\'s worst game dev studio. Part\nanimated show, part game, 3 out of 10 is the world\'s first playable sitcom.\nWe\'re 99% sure that\'s true. You can tell us if we\'re wrong.<o:p></o:p></span></p><p>\n\n\n\n<span lang=\"EN-US\" style=\"font-size:5.0pt;mso-bidi-font-size:11.0pt;line-height:\n107%;font-family:&quot;맑은 고딕&quot;;mso-ascii-theme-font:minor-latin;mso-fareast-theme-font:\nminor-fareast;mso-hansi-theme-font:minor-latin;mso-bidi-font-family:&quot;Times New Roman&quot;;\nmso-bidi-theme-font:minor-bidi;mso-ansi-language:EN-US;mso-fareast-language:\nKO;mso-bidi-language:AR-SA\">Season One is 5 episodes, released weekly, for\nFREE!</span><br></p>','12세','/upload/2021-07-12/87c1be03-c71c-4847-b543-d9eb13abca68.jpg',2,4,10,11,'/upload/2021-07-12/87c1be03-c71c-4847-b543-d9eb13abca68.jpg','/upload/2021-07-12/87c1be03-c71c-4847-b543-d9eb13abca68.jpg','/upload/2021-07-12/87c1be03-c71c-4847-b543-d9eb13abca68.jpg','/upload/2021-07-12/87c1be03-c71c-4847-b543-d9eb13abca68.jpg','/upload/2021-07-12/87c1be03-c71c-4847-b543-d9eb13abca68.jpg','2021-07-12 08:08:25',NULL,2,0),(19,'ODDWORLD: SOULSTORM','Oddworld Inhabitants, Inc.',51000,0,'Oddworld: Soulstorm은 영화를 보는 듯한 시각적 효과를 선보입니다. 지능적인 새 메커니즘과 변형된 새 장치들을 사용하여 과격한 속임수를 쓸 수 있습니다. 게임은 어두운 우화로, 극단으로 내몰린 불안한 사회의 대서사시를 이야기합니다.','<p class=\"MsoNormal\"><span style=\"font-size:4.0pt;mso-bidi-font-size:11.0pt;\nline-height:107%\">완전히 새로운 모험에서<span lang=\"EN-US\"> Abe</span>의 장대한 이야기가 펼쳐집니다<span lang=\"EN-US\"><o:p></o:p></span></span></p><p>\n\n<span lang=\"EN-US\" style=\"font-size:4.0pt;mso-bidi-font-size:11.0pt;line-height:\n107%;font-family:\" 맑은=\"\" 고딕\";mso-ascii-theme-font:minor-latin;mso-fareast-theme-font:=\"\" minor-fareast;mso-hansi-theme-font:minor-latin;mso-bidi-font-family:\"times=\"\" new=\"\" roman\";=\"\" mso-bidi-theme-font:minor-bidi;mso-ansi-language:en-us;mso-fareast-language:=\"\" ko;mso-bidi-language:ar-sa\"=\"\">Oddworld: Soulstorm</span><span style=\"font-size:\n4.0pt;mso-bidi-font-size:11.0pt;line-height:107%;font-family:\" 맑은=\"\" 고딕\";=\"\" mso-ascii-theme-font:minor-latin;mso-fareast-theme-font:minor-fareast;=\"\" mso-hansi-theme-font:minor-latin;mso-bidi-font-family:\"times=\"\" new=\"\" roman\";=\"\" mso-bidi-theme-font:minor-bidi;mso-ansi-language:en-us;mso-fareast-language:=\"\" ko;mso-bidi-language:ar-sa\"=\"\">은 폭발적 액션 어드벤처 플랫폼 게임으로<span lang=\"EN-US\">, </span>제작하기<span lang=\"EN-US\">, </span>쓰레기 뒤지기<span lang=\"EN-US\">, </span>살금살금 걷기가 가능합니다<span lang=\"EN-US\">. Abe</span>와 반란 세력을 막기 위해 선전부터 잔인한 폭력<span lang=\"EN-US\">, </span>치명적인\n폭행까지 모든 수단을 마음대로 사용하는 적을 상대로 불가능한 싸움을 하는 이야기입니다</span><br></p>','15세','/upload/2021-07-19/99dc3ff0-334f-44e5-9a27-f0074506c53e.jpeg',1,5,NULL,NULL,'/upload/2021-07-19/03f8f4b3-b933-4a06-bc69-5ba9b4b376ff.jpg','/upload/2021-07-19/759850b1-5237-44c4-b655-305438d9da87.jpg','/upload/2021-07-19/3d3cdd74-6213-4086-85d1-60fde6c45264.jpg','/upload/2021-07-19/2e672398-36f0-4f96-9a74-7c6ebb744afa.jpg','/upload/2021-07-19/560a0159-df9d-4a4c-8dbc-1244fbfd9dd1.jpg','2021-07-12 08:09:53','2021-07-19 01:07:05',0,0),(20,'LOST WORDS: BEYOND THE PAGE','Robot Entertainment',20000,50,'Lost Words: Beyond the Page에서 소녀의 일기장 페이지에 새겨진 단어와 상호작용하여 어려운 퍼즐을 해결하고 독특한 플랫폼 구역을 헤쳐나가며 활기찬 세계 Estoria에서 벌어지는 감동적인 이야기를 발견해보세요.','<p class=\"MsoNormal\"><span lang=\"EN-US\" style=\"font-size:3.0pt;mso-bidi-font-size:\n11.0pt;line-height:107%\">Lost Words: Beyond the Page</span><span style=\"font-size:3.0pt;mso-bidi-font-size:11.0pt;line-height:107%\">에서 상상의 땅<span lang=\"EN-US\"> Estoria</span>를 여행하며<span lang=\"EN-US\"> Izzy</span>의 일기장을 넘기고 퍼즐을 풀어보세요<span lang=\"EN-US\"><o:p></o:p></span></span></p><p class=\"MsoNormal\"><span lang=\"EN-US\" style=\"font-size:3.0pt;mso-bidi-font-size:\n11.0pt;line-height:107%\">Lost Words</span><span style=\"font-size:3.0pt;\nmso-bidi-font-size:11.0pt;line-height:107%\">는 따뜻한 분위기와 이야기가 함께하는 어드벤처 게임으로<span lang=\"EN-US\">, Izzy</span>라는 한 소녀의 일기장 속에서 펼쳐집니다<span lang=\"EN-US\">. </span>단어가 거대한\n힘을 가진 상상의 땅을 탐험할수록 스토리가 전개됩니다<span lang=\"EN-US\">.<o:p></o:p></span></span></p><p>\n\n\n\n<span lang=\"EN-US\" style=\"font-size:3.0pt;mso-bidi-font-size:11.0pt;line-height:\n107%;font-family:\" 맑은=\"\" 고딕\";mso-ascii-theme-font:minor-latin;mso-fareast-theme-font:=\"\" minor-fareast;mso-hansi-theme-font:minor-latin;mso-bidi-font-family:\"times=\"\" new=\"\" roman\";=\"\" mso-bidi-theme-font:minor-bidi;mso-ansi-language:en-us;mso-fareast-language:=\"\" ko;mso-bidi-language:ar-sa\"=\"\">Lost Words: Beyond the Page</span><span style=\"font-size:3.0pt;mso-bidi-font-size:11.0pt;line-height:107%;font-family:\n\" 맑은=\"\" 고딕\";mso-ascii-theme-font:minor-latin;mso-fareast-theme-font:minor-fareast;=\"\" mso-hansi-theme-font:minor-latin;mso-bidi-font-family:\"times=\"\" new=\"\" roman\";=\"\" mso-bidi-theme-font:minor-bidi;mso-ansi-language:en-us;mso-fareast-language:=\"\" ko;mso-bidi-language:ar-sa\"=\"\">는 유명 게임 작가<span lang=\"EN-US\"> Rhianna Pratchett</span>이\n만든 실감 나는 스토리가 특징으로<span lang=\"EN-US\">, </span>게임 플레이 방식의 독특한 조합과 매력적인 수채화 배경으로 플레이어를\n사로잡습니다<span lang=\"EN-US\">. </span>플레이어의 호기심에 따라 변하는<span lang=\"EN-US\"> Estoria </span>세계와\n그 세계가 가진 힘은 지극히 개인적인 이야기 속에서<span lang=\"EN-US\"> Izzy</span>를 이끄는 동력으로 작용하며 기억에 남을\n경험을 선사합니다<span lang=\"EN-US\">.</span></span><br></p>','전체','/upload/2021-07-19/75cc9df6-cd62-4363-9217-3b9d6d86ecc2.jpg',2,5,6,7,'/upload/2021-07-19/9165adb0-d768-47b7-a3f8-818729f16ac6.jpg','/upload/2021-07-19/7357b1e0-0080-4dc0-8873-efe8e3cc98a6.jpg','/upload/2021-07-19/7085e772-6496-426d-9049-4094a7391627.jpg','/upload/2021-07-19/22c8792f-1f01-49cf-986f-1af49359671d.jpg','/upload/2021-07-19/a1736fe7-379c-401b-a1d5-67677d80f626.jpg','2021-07-12 08:12:27','2021-07-19 01:06:39',0,0),(21,'NIGHT IN THE WOODS','Infinite Fall',20000,0,'Night In the Woods는 친구들을 다시 만나기 위해 떠났던 고향으로 돌아오는 대학 중퇴자에 관한 어드벤처 게임입니다. 물건을 부수고, 베이스를 연주하고, 친구들과 어울리고, 여러 곳을 가보고, 허락되지 않은 것들을 발견하세요. Possum Springs로 돌아오세요.','<p><span lang=\"EN-US\" style=\"font-size:4.0pt;mso-bidi-font-size:\n11.0pt;line-height:107%;font-family:\" 맑은=\"\" 고딕\";mso-ascii-theme-font:minor-latin;=\"\" mso-fareast-theme-font:minor-fareast;mso-hansi-theme-font:minor-latin;=\"\" mso-bidi-font-family:\"times=\"\" new=\"\" roman\";mso-bidi-theme-font:minor-bidi;=\"\" mso-ansi-language:en-us;mso-fareast-language:ko;mso-bidi-language:ar-sa\"=\"\">Night\nIn the Woods</span><span style=\"font-size:4.0pt;mso-bidi-font-size:11.0pt;\nline-height:107%;font-family:\" 맑은=\"\" 고딕\";mso-ascii-theme-font:minor-latin;=\"\" mso-fareast-theme-font:minor-fareast;mso-hansi-theme-font:minor-latin;=\"\" mso-bidi-font-family:\"times=\"\" new=\"\" roman\";mso-bidi-theme-font:minor-bidi;=\"\" mso-ansi-language:en-us;mso-fareast-language:ko;mso-bidi-language:ar-sa\"=\"\">는 친구들을\n다시 만나기 위해 떠났던 고향으로 돌아오는 대학 중퇴자에 관한 어드벤처 게임입니다<span lang=\"EN-US\">. </span>물건을 부수고<span lang=\"EN-US\">, </span>베이스를 연주하고<span lang=\"EN-US\">, </span>친구들과 어울리고<span lang=\"EN-US\">, </span>여러 곳을 가보고<span lang=\"EN-US\">, </span>허락되지 않은 것들을 발견하세요<span lang=\"EN-US\">. Possum Springs</span>로 돌아오세요<span lang=\"EN-US\">.</span></span><br></p>','15세','/upload/2021-07-19/f289fedd-dda8-4af5-ace0-dcaa47b26441.jpg',2,5,7,NULL,'/upload/2021-07-19/9da9aef7-3e02-4499-9890-11a8f8a5500f.jpg','/upload/2021-07-19/bdfc7cc7-80a2-4e7d-9b02-d73cbb3a4839.jpg','/upload/2021-07-19/24f3fa8e-efa6-4c4b-ae5f-9d94c8ec5dee.jpg','/upload/2021-07-19/5e6dbacf-2484-46b2-9c99-6c41e5f8f5bd.jpg','/upload/2021-07-19/140a2648-d0ba-4e72-836b-75af675af38a.jpg','2021-07-12 08:14:37','2021-07-19 01:06:14',0,0),(22,'SLIPWAYS','Beetlewing',17000,15,'고립된 행성들을 방대한 무역 왕국이 되되록 서로 엮으세요. 계획을 짜세요. 게임 내 혁신적인 기술을 연구하세요. 점심 먹으러 가기 전에 끝낼 수 있습니다. 무한한 가능성이 있는 우주 대전략 게임을 단 60분 안에 끝내보세요.','<p><span lang=\"EN-US\" style=\"font-size:4.0pt;mso-bidi-font-size:\n11.0pt;line-height:107%;font-family:\" 맑은=\"\" 고딕\";mso-ascii-theme-font:minor-latin;=\"\" mso-fareast-theme-font:minor-fareast;mso-hansi-theme-font:minor-latin;=\"\" mso-bidi-font-family:\"times=\"\" new=\"\" roman\";mso-bidi-theme-font:minor-bidi;=\"\" mso-ansi-language:en-us;mso-fareast-language:ko;mso-bidi-language:ar-sa\"=\"\">Slipways</span><span style=\"font-size:4.0pt;mso-bidi-font-size:11.0pt;line-height:107%;font-family:\n\" 맑은=\"\" 고딕\";mso-ascii-theme-font:minor-latin;mso-fareast-theme-font:minor-fareast;=\"\" mso-hansi-theme-font:minor-latin;mso-bidi-font-family:\"times=\"\" new=\"\" roman\";=\"\" mso-bidi-theme-font:minor-bidi;mso-ansi-language:en-us;mso-fareast-language:=\"\" ko;mso-bidi-language:ar-sa\"=\"\">는 우주 대전략 장르의 가장 좋은 점들만 골라 대전략 장르의 세세한 관리와 시작 시 배우기가\n무척 힘든 면들을 모두 제거한 게임입니다<span lang=\"EN-US\">. </span>그 결과<span lang=\"EN-US\">, </span>게임을\n빨리 끝낼 수는 있지만 상당히 어려운 결정을 해야 하는 심도 있는 체험을 할 수 있도록 전략과 퍼즐 장르를 독특하게 혼합한 게임이 탄생하게 되었습니다</span><br></p>','전체','/upload/2021-07-19/c06133d4-e665-4d00-90f5-cc20b1fe3241.jpg',4,5,6,NULL,'/upload/2021-07-19/dec405ef-50bd-4e56-8da1-0d24e9c3e0a8.jpg','/upload/2021-07-19/b4199253-065b-41b0-8dc1-62b7ab4149cf.jpg','/upload/2021-07-19/15f34e4e-c10c-4173-b624-3c4b52fe997c.jpg',NULL,NULL,'2021-07-12 08:15:47','2021-07-19 01:05:37',0,0),(23,'GOING MEDIEVAL','Foxy Voxel',25000,10,'식민지 건설 게임에서 내 권리를 주장하고 격동의 중세 시대에서 살아남으세요. 야생이 차지해버린 땅에서 다층 요새를 구축하고, 습격으로부터 방어하며, 자신들을 둘러싼 세계로부터 영향을 받는 마을 사람들의 삶을 행복하게 만드세요','<p class=\"MsoNormal\"><span style=\"font-size:3.0pt;mso-bidi-font-size:11.0pt;\nline-height:107%\">원하는 것 차지하기<span lang=\"EN-US\"><o:p></o:p></span></span></p><p class=\"MsoNormal\"><span lang=\"EN-US\" style=\"font-size:3.0pt;mso-bidi-font-size:\n11.0pt;line-height:107%\">Going Medieval </span><span style=\"font-size:3.0pt;\nmso-bidi-font-size:11.0pt;line-height:107%\">세계의 암흑기 사회는 지쳐있는 상태입니다<span lang=\"EN-US\">. 14</span>세기 말에 전세계 인구의<span lang=\"EN-US\"> 95%</span>가 전염병으로 인해 죽었습니다<span lang=\"EN-US\">.<o:p></o:p></span></span></p><p>\n\n\n\n<span style=\"font-size:3.0pt;mso-bidi-font-size:11.0pt;line-height:107%;\nfont-family:\" 맑은=\"\" 고딕\";mso-ascii-theme-font:minor-latin;mso-fareast-theme-font:=\"\" minor-fareast;mso-hansi-theme-font:minor-latin;mso-bidi-font-family:\"times=\"\" new=\"\" roman\";=\"\" mso-bidi-theme-font:minor-bidi;mso-ansi-language:en-us;mso-fareast-language:=\"\" ko;mso-bidi-language:ar-sa\"=\"\">마침내 잿더미가 된 암흑기 사회에서 빠져 나온 생존자들이 자연이 차지해버린 이 위험한 새로운\n땅에서 잘 정착할 수 있을지는 여러분에게 달려 있습니다<span lang=\"EN-US\">. </span>사람들을 위한 집을 짓고<span lang=\"EN-US\">, </span>삶을 형성하도록 돕고<span lang=\"EN-US\">, </span>무법천지 시대의 동물<span lang=\"EN-US\">, </span>야만인 등의 온갖 위험으로부터 사람들을 보호하세요<span lang=\"EN-US\">.</span></span><br></p>','12세','/upload/2021-07-19/afc302be-facb-4eab-9722-690b6c3ffd51.jpg',7,8,9,NULL,'/upload/2021-07-19/6f83a399-e625-4cdf-aa34-8d6b3ceec3ea.jpg','/upload/2021-07-19/21bc8353-c453-4630-bc6b-bb0457f959fe.jpg','/upload/2021-07-19/2b4c780f-5b3b-47ac-8752-6864221161fa.jpg','/upload/2021-07-19/cbec9445-c218-4daf-87f7-0104e9b870a9.jpg','/upload/2021-07-19/4b39aa97-8e32-426d-b507-88f8c4a05739.jpg','2021-07-12 08:17:09','2021-07-19 01:05:10',0,0),(24,'SUBNAUTICA BELOW ZERO','Worlds Entertainment',31000,0,'Below Zero는 외계 해양을 무대로 펼쳐지는 수중 모험 게임입니다. Subnautica 유니버스의 새로운 챕터로,\n현재 Unknown Worlds가 개발하고 있습니다.\n','<p class=\"MsoNormal\"><span style=\"font-size:9.0pt;mso-bidi-font-size:11.0pt;\nline-height:107%\">얼음처럼 차가운 수중 모험 속으로 뛰어드세요<span lang=\"EN-US\">. Below Zero</span>는<span lang=\"EN-US\"> 4546B </span>행성의<span lang=\"EN-US\"><o:p></o:p></span></span></p><p class=\"MsoNormal\"><span style=\"font-size:9.0pt;mso-bidi-font-size:11.0pt;\nline-height:107%\">극한 지역에서 시작됩니다<span lang=\"EN-US\">. </span>여러분은 행성 표면의 연구 기지에 파견된\n과학자가 되어<span lang=\"EN-US\">,<o:p></o:p></span></span></p><p class=\"MsoNormal\">\n\n\n\n<span style=\"font-size:9.0pt;mso-bidi-font-size:11.0pt;line-height:107%;\nfont-family:\" 맑은=\"\" 고딕\";mso-ascii-theme-font:minor-latin;mso-fareast-theme-font:=\"\" minor-fareast;mso-hansi-theme-font:minor-latin;mso-bidi-font-family:\"times=\"\" new=\"\" roman\";=\"\" mso-bidi-theme-font:minor-bidi;mso-ansi-language:en-us;mso-fareast-language:=\"\" ko;mso-bidi-language:ar-sa\"=\"\">외계의 유물 연구를 시작합니다</span><br></p>','12세','/upload/2021-07-19/82512e15-c7b3-473b-b39f-327c5391f977.jpg',3,4,8,9,'/upload/2021-07-19/c3fe8814-c419-4e72-b974-4cdac7a844b4.jpg','/upload/2021-07-19/311e4b73-2db7-4d4b-8b17-a6268d447914.jpg','/upload/2021-07-19/0213f836-af1a-4fa7-b74c-6657d86f261a.jpg','/upload/2021-07-19/9efdc184-d682-46af-a2a2-b93bdeae95f7.jpg','/upload/2021-07-19/b919f1ad-1b52-49c5-87e8-24761b5b55cd.jpg','2021-07-12 08:18:34','2021-07-19 01:04:42',0,0),(25,'STRANDED DEEP','Beam Team Games',15000,0,'비행기 추락으로 태평양 어딘가에 갇혀버린 생존자가 되어보세요. 생명을 위협하는 가장 위험한 시나리오들을은 물론 이로 인해 발생하는 결과가 플레이할 때마다 매번 달라지는 것을 체험해보세요. 찾아보세요. 탐험하세요. 살아남으세요.','<p><span style=\"font-size:5.0pt;mso-bidi-font-size:11.0pt;\nline-height:107%;font-family:\" 맑은=\"\" 고딕\";mso-ascii-theme-font:minor-latin;=\"\" mso-fareast-theme-font:minor-fareast;mso-hansi-theme-font:minor-latin;=\"\" mso-bidi-font-family:\"times=\"\" new=\"\" roman\";mso-bidi-theme-font:minor-bidi;=\"\" mso-ansi-language:en-us;mso-fareast-language:ko;mso-bidi-language:ar-sa\"=\"\">비행기 추락으로\n태평양 어딘가에 갇혀버린 생존자가 되어보세요<span lang=\"EN-US\">. </span>생명을 위협하는 가장 위험한 시나리오들을은 물론 이로\n인해 발생하는 결과가 플레이할 때마다 매번 달라지는 것을 체험해보세요<span lang=\"EN-US\">. </span>찾아보세요<span lang=\"EN-US\">. </span>탐험하세요<span lang=\"EN-US\">. </span>살아남으세요<span lang=\"EN-US\">.</span></span><br></p>','15세','/upload/2021-07-19/38d5424d-e381-45c3-942a-2306ebb52d55.jpg',2,8,9,10,'/upload/2021-07-19/b1d42a1a-50e3-484c-8c71-25a6b8653671.jpg','/upload/2021-07-19/d68eab48-143f-45c6-8afc-54d0012f6ea7.jpg','/upload/2021-07-19/ce7227ed-fbb2-4272-a8bd-50bad2983150.jpg','/upload/2021-07-19/d485c0bd-db32-48f9-8e9c-c58fae243634.jpg','/upload/2021-07-19/93cfd64a-b924-4796-8599-6c7a6b2216d3.jpg','2021-07-12 08:34:57','2021-07-19 01:04:02',0,0),(26,'DISASTER REPORT 4: SUMMER MEMORIES','Granzella Inc.',61000,30,'20XX년 7월. 주인공은 전대미문의 거대 지진과 직면한다.건물이 붕괴되고 땅이 무너진다. 화재, 침수, 그리고 갈증과 피로, 사람들 간의 다툼... 차례로 덮쳐오는 고난에 맞서며 살아남으려는 젊은이의 이야기.','<p class=\"MsoNormal\"><span style=\"font-size:7.0pt;mso-bidi-font-size:11.0pt;\nline-height:107%\">모두가 가진 생과 사의 드라마<span lang=\"EN-US\"><o:p></o:p></span></span></p><p>\n\n<span style=\"font-size:7.0pt;mso-bidi-font-size:11.0pt;line-height:107%;\nfont-family:\" 맑은=\"\" 고딕\";mso-ascii-theme-font:minor-latin;mso-fareast-theme-font:=\"\" minor-fareast;mso-hansi-theme-font:minor-latin;mso-bidi-font-family:\"times=\"\" new=\"\" roman\";=\"\" mso-bidi-theme-font:minor-bidi;mso-ansi-language:en-us;mso-fareast-language:=\"\" ko;mso-bidi-language:ar-sa\"=\"\">일본의 실제 대지진 사건으로부터 영감을 받아 꾸며진 이 도시의 생존자들을 만나고 인간의 정신력이\n어떻게 항복하게 되며 파괴되는지 지켜보십시오<span lang=\"EN-US\">.</span></span><br></p>','15세','/upload/2021-07-19/87aa8352-9ff3-4345-ad25-473901e1595f.jpg',1,2,3,7,'/upload/2021-07-19/fee19bc7-02b0-40f7-9899-a272e7a4595d.jpg','/upload/2021-07-19/7cc0a2c1-5525-44c4-afe6-94d89e20a186.jpg','/upload/2021-07-19/faa3036e-fec8-4838-bdc1-97bb05881d3e.jpg','/upload/2021-07-19/6f7a9787-5dde-4de9-b2d6-83c636f6fb23.jpg',NULL,'2021-07-12 08:37:07','2021-07-19 01:03:30',0,0),(27,'HUNDRED DAYS ','Broken Arms Games',25000,0,'포도주 만들기가 훌륭한 모험이 될 수 있다는 사실을 아셨나요? 토양과 자연을 벗 삼아 고품질 포도주를 만들고 최고의 와이너리를 향해 도전해보세요. 포도주 만들기 속으로 떠나는 아름다운 여정이 지금 시작됩니다.','<p><span style=\"font-size:4.0pt;mso-bidi-font-size:11.0pt;\nline-height:107%;font-family:\" 맑은=\"\" 고딕\";mso-ascii-theme-font:minor-latin;=\"\" mso-fareast-theme-font:minor-fareast;mso-hansi-theme-font:minor-latin;=\"\" mso-bidi-font-family:\"times=\"\" new=\"\" roman\";mso-bidi-theme-font:minor-bidi;=\"\" mso-ansi-language:en-us;mso-fareast-language:ko;mso-bidi-language:ar-sa\"=\"\">포도주 만들기가\n훌륭한 모험이 될 수 있다는 사실을 아셨나요<span lang=\"EN-US\">? </span>토양과 자연을 벗 삼아 고품질 포도주를 만들고 최고의\n와이너리를 향해 도전해보세요<span lang=\"EN-US\">. </span>포도주 만들기 속으로 떠나는 아름다운 여정이 지금 시작됩니다<span lang=\"EN-US\">.</span></span><br></p>','12세','/upload/2021-07-19/fca65445-1b61-448e-b6be-1492abc7b17f.jpg',6,8,9,10,'/upload/2021-07-19/5a286b30-8f37-45c9-b28f-4112f3db5603.jpg','/upload/2021-07-19/3e7bcf89-1f4f-4673-94de-e8796893a870.jpg','/upload/2021-07-19/6a082541-1ae2-4e0a-a2e1-767abd456dd8.jpg','/upload/2021-07-19/6e935a3a-bfe3-4421-b723-0261ff9f7af6.jpg','/upload/2021-07-19/9b43117a-7cc2-441a-aa1b-faa6d41919eb.jpg','2021-07-12 08:39:28','2021-07-19 01:03:00',0,0),(28,'LITTLE BIG WORKSHOP','Mirage Game Studios',30000,40,'거실에 마법의 공장이 딱 나타났다고 상상해보세요. 노동자와 작업대, 기계를 관리하고 멋진 물건을 만들며 작지만 큰 공방을 꿈꾸던 공장으로 키워보세요!','<p><span style=\"font-size:5.0pt;mso-bidi-font-size:11.0pt;\nline-height:107%;font-family:\" 맑은=\"\" 고딕\";mso-ascii-theme-font:minor-latin;=\"\" mso-fareast-theme-font:minor-fareast;mso-hansi-theme-font:minor-latin;=\"\" mso-bidi-font-family:\"times=\"\" new=\"\" roman\";mso-bidi-theme-font:minor-bidi;=\"\" mso-ansi-language:en-us;mso-fareast-language:ko;mso-bidi-language:ar-sa\"=\"\">거실에 마법의\n공장이 딱 나타났다고 상상해보세요<span lang=\"EN-US\">. </span>근면한 노동자가 고객이 원하는 것은 뭐든 서둘러 만들어내는<span lang=\"EN-US\">, </span>신중하게 계획한 걸작이죠<span lang=\"EN-US\">. </span>고무 오리<span lang=\"EN-US\">, </span>서랍장<span lang=\"EN-US\">, </span>드론과 전자 기타<span lang=\"EN-US\">, </span>스쿠터와\n각종 멋진 상품들을 다양한 재료로 제작하고 판매해 현금을 벌 수 있으며<span lang=\"EN-US\">, </span>이 현금은 기계를 더 사고<span lang=\"EN-US\">, </span>노동자를 더 고용하고<span lang=\"EN-US\">, </span>사업을 확장하는 데 바로 투자할 수 있습니다<span lang=\"EN-US\">. Little Big Workshop</span>에서 공장 거물이 될 수 있습니다<span lang=\"EN-US\">!</span></span><br></p>','전체','/upload/2021-07-19/8a6f85e8-5fcd-4b2f-b727-98bf707bde07.jpg',3,5,6,10,'/upload/2021-07-19/e9459e70-f327-4276-b80f-0c5b8293ae4c.jpg','/upload/2021-07-19/34750e4e-7bf2-4c61-89e7-a77f249fc17a.jpg','/upload/2021-07-19/b9c1865c-6e2a-4c8a-96b0-a45987394fed.jpg','/upload/2021-07-19/0a6e608f-3701-4663-94dc-3e74b01a165d.jpg',NULL,'2021-07-12 08:40:32','2021-07-19 01:02:25',0,0),(29,'WARGAME: RED DRAGON','Eugen Systems',45000,30,'최고의 RTS 게임이 새로운 모습으로 다가왔습니다! Wargame 시리즈가 그 어느 때보다 더 방대하고, 풍부하며, 환상적인 임무를 맡기 위해 돌아왔습니다. Wargame: Red Dragon에서 플레이어들은 서방 세력이 공산 세력과 맞서는 대규모의 충돌을 경험하게 됩니다.','<p class=\"MsoNormal\"><span style=\"font-size:6.0pt;mso-bidi-font-size:11.0pt;\nline-height:107%\">최고의<span lang=\"EN-US\"> RTS </span>게임이 새로운 모습으로 다가왔습니다<span lang=\"EN-US\">!<o:p></o:p></span></span></p><p class=\"MsoNormal\"><span lang=\"EN-US\" style=\"font-size:6.0pt;mso-bidi-font-size:\n11.0pt;line-height:107%\">Wargame </span><span style=\"font-size:6.0pt;\nmso-bidi-font-size:11.0pt;line-height:107%\">시리즈가 그 어느 때보다 더 방대하고<span lang=\"EN-US\">, </span>풍부하며<span lang=\"EN-US\">, </span>환상적인 임무를 맡기 위해 돌아왔습니다<span lang=\"EN-US\">. Wargame: Red Dragon</span>에서 플레이어들은 서방 세력이 공산 세력과 맞서는 대규모의 충돌을 경험하게\n됩니다<span lang=\"EN-US\">.<o:p></o:p></span></span></p><p class=\"MsoNormal\"><span lang=\"EN-US\" style=\"font-size:6.0pt;mso-bidi-font-size:\n11.0pt;line-height:107%\">_1991: </span><span style=\"font-size:6.0pt;mso-bidi-font-size:\n11.0pt;line-height:107%\">이 두 세력은 일본<span lang=\"EN-US\">, </span>중국<span lang=\"EN-US\">, </span>북한<span lang=\"EN-US\">, </span>한국<span lang=\"EN-US\">, </span>호주<span lang=\"EN-US\">, </span>뉴질랜드가 참전하는 가운데 새로운 전쟁터인 아시아에서 맞서게 됩니다<span lang=\"EN-US\">.<o:p></o:p></span></span></p><p class=\"MsoNormal\">\n\n\n\n\n\n<span style=\"font-size:6.0pt;mso-bidi-font-size:11.0pt;line-height:107%;\nfont-family:\" 맑은=\"\" 고딕\";mso-ascii-theme-font:minor-latin;mso-fareast-theme-font:=\"\" minor-fareast;mso-hansi-theme-font:minor-latin;mso-bidi-font-family:\"times=\"\" new=\"\" roman\";=\"\" mso-bidi-theme-font:minor-bidi;mso-ansi-language:en-us;mso-fareast-language:=\"\" ko;mso-bidi-language:ar-sa\"=\"\">플레이어는 모든<span lang=\"EN-US\"> 17</span>개국의 군대를 통솔하고<span lang=\"EN-US\">, </span>각 국가로부터 엄선하여 재현된<span lang=\"EN-US\"> 1,450</span>여 부대를 모아 환상적인\n전투력을 통합하게 됩니다<span lang=\"EN-US\">! </span>탱크<span lang=\"EN-US\">, </span>비행기<span lang=\"EN-US\">, </span>헬리콥터<span lang=\"EN-US\">, </span>새 전투기<span lang=\"EN-US\">, </span>해병대\n합동 부대를 필적할 곳이 없는 전술의 세계로 통솔해 가세요<span lang=\"EN-US\">. Eugen Systems </span>스튜디오가 개발한\n이 뛰어난 디자인 속에서 다양하면서도 완전히 현실적인 전장을 휩쓸고<span lang=\"EN-US\">, </span>해안을 장악하며<span lang=\"EN-US\">, </span>역사를 다시 쓰세요<span lang=\"EN-US\">.</span></span><br></p>','18세','/upload/2021-07-19/5dd38c7c-78c7-43d1-9dae-93ddb26c8745.jpg',8,9,10,11,'/upload/2021-07-19/efe8811f-8c39-4c58-b672-c48db46c52dd.jpg','/upload/2021-07-19/ac5ed939-a8cd-467c-b2f8-186d9ee8ad8f.jpg','/upload/2021-07-19/0cffdc1c-5718-40bb-a914-0c830bb46110.jpg','/upload/2021-07-19/7d8ad243-bd62-48fb-a302-e8fafa05bd31.jpg',NULL,'2021-07-12 08:42:57','2021-07-19 01:01:47',0,0),(30,'CALICO','Peachy Keen Games',12000,0,'Calico는 커뮤니티 일상 시뮬레이션 게임으로, 마을에 고양이 카페를 재건하여 껴안고 싶은 동물들로 채우는 중요한 과제를 줍니다! 여러분의 카페를 만들어 귀여운 가구, 재밌는 장식, 맛있는 페이스트리로 채우고, 동물들이 북적이게 만드세요!','<p><span lang=\"EN-US\" style=\"font-size:5.0pt;mso-bidi-font-size:\n11.0pt;line-height:107%;font-family:\" 맑은=\"\" 고딕\";mso-ascii-theme-font:minor-latin;=\"\" mso-fareast-theme-font:minor-fareast;mso-hansi-theme-font:minor-latin;=\"\" mso-bidi-font-family:\"times=\"\" new=\"\" roman\";mso-bidi-theme-font:minor-bidi;=\"\" mso-ansi-language:en-us;mso-fareast-language:ko;mso-bidi-language:ar-sa\"=\"\">Calico</span><span style=\"font-size:5.0pt;mso-bidi-font-size:11.0pt;line-height:107%;font-family:\n\" 맑은=\"\" 고딕\";mso-ascii-theme-font:minor-latin;mso-fareast-theme-font:minor-fareast;=\"\" mso-hansi-theme-font:minor-latin;mso-bidi-font-family:\"times=\"\" new=\"\" roman\";=\"\" mso-bidi-theme-font:minor-bidi;mso-ansi-language:en-us;mso-fareast-language:=\"\" ko;mso-bidi-language:ar-sa\"=\"\">는 커뮤니티 일상생활 시뮬레이션 게임으로<span lang=\"EN-US\">, </span>마을에\n고양이 카페를 재건하여 귀엽고 껴안고 싶은 동물들로 채우는 중요하고 사랑스러운 과제를 줍니다<span lang=\"EN-US\">! </span>신비로운\n소녀들과 환상적인 친구들이 가득한 작은 마을에서 쇠퇴한 고양이 카페를 책임져야 하는 여정을 시작하세요<span lang=\"EN-US\">. </span>여러분의\n카페를 만들어 귀여운 가구<span lang=\"EN-US\">, </span>재밌는 장식<span lang=\"EN-US\">, </span>맛있는 페이스트리로\n채우고<span lang=\"EN-US\">, </span>다시 동물들이 북적이게 만드세요</span><br></p>','전체','/upload/2021-07-19/3c70a90d-b9d9-4f54-be4f-3fbf47089b89.jpg',3,5,6,7,'/upload/2021-07-19/b9d94442-b2b5-40e4-bbc3-f655400c854f.jpg','/upload/2021-07-19/c0319e11-dbb8-4a39-9490-f349ab266e9f.jpg','/upload/2021-07-19/7b5f825e-8a61-490b-b3bb-c27356d194dd.jpg','/upload/2021-07-19/50cdcd5f-4fb0-4201-872c-afde66700242.jpg','/upload/2021-07-19/e0abdc05-8e87-4292-aca7-d4807194dd4d.jpg','2021-07-12 08:45:32','2021-07-19 01:00:27',0,0),(31,'TROPICO  6','Limbic Entertainment',54000,0,'대통령이 돌아왔습니다! Tropico 섬에서 모두가 두려워하는 독재자나 평화를 사랑하는 정치가로서 자신을 다시 한번 증명하고 네 개의 독특한 시대에서 나만의 바나나 공화국 운명을 만들어 나가세요.','<p class=\"MsoNormal\"><span style=\"font-size:4.0pt;mso-bidi-font-size:11.0pt;\nline-height:107%\">정치적으로 혼란하고 사회적으로 불안한 시기에 사람들은 선견지명과 지혜로 국가의 운명을 이끌어갈 지도자를 요구하고\n있습니다<span lang=\"EN-US\">.<o:p></o:p></span></span></p><p class=\"MsoNormal\"><span lang=\"EN-US\" style=\"font-size:4.0pt;mso-bidi-font-size:\n11.0pt;line-height:107%\">Tropico </span><span style=\"font-size:4.0pt;\nmso-bidi-font-size:11.0pt;line-height:107%\">섬에서 모두가 두려워하는 독재자나 평화를 사랑하는 정치가로서 자신을\n다시 한번 증명하고 네 개의 독특한 시대에서 나만의 바나나 공화국 운명을 만들어나가세요<span lang=\"EN-US\">.<o:p></o:p></span></span></p><p>\n\n\n\n<span style=\"font-size:4.0pt;mso-bidi-font-size:11.0pt;line-height:107%;\nfont-family:\" 맑은=\"\" 고딕\";mso-ascii-theme-font:minor-latin;mso-fareast-theme-font:=\"\" minor-fareast;mso-hansi-theme-font:minor-latin;mso-bidi-font-family:\"times=\"\" new=\"\" roman\";=\"\" mso-bidi-theme-font:minor-bidi;mso-ansi-language:en-us;mso-fareast-language:=\"\" ko;mso-bidi-language:ar-sa\"=\"\">국제 무대의 새로운 도전을 성공적으로 극복하고 사람들에게 필요한 것이 무엇인지 항상 염두에 두세요</span><br></p>','15세','/upload/2021-07-19/328f4c29-800e-4ffd-a3cd-bc1d7a711553.jpg',5,10,11,12,'/upload/2021-07-19/bb7cabed-00b9-4dad-b510-1250382055a9.jpg','/upload/2021-07-19/104fde6c-a650-4c2f-8879-8bb6389869ec.jpg','/upload/2021-07-19/b26b7ddd-8e84-4582-a0a5-3c7f18854c51.jpg','/upload/2021-07-19/72d89613-29ab-4e18-af11-79d137242872.jpg','/upload/2021-07-19/ffaccb47-9324-4c7a-b987-ad8b990ac90d.jpg','2021-07-12 08:52:31','2021-07-19 00:59:59',1,54000),(32,'AIRBORNE KINGDOM','Granzella Inc.',25000,0,'1933년 베를린. \"아돌프 히틀러가 수상입니다!\" 우리는 이 메시지로 인한 결과를 잘 압니다. 이루 말할 수 없는 공포와 고통이 전 세계를 휩쓸었습니다. 소수가 일어나 독일 제국이라는 기괴함과 싸웠습니다. 여러분은 어떻게 하시겠습니까?','<p class=\"MsoNormal\"><span style=\"font-size:4.0pt;mso-bidi-font-size:11.0pt;\nline-height:107%\">자신만의 영토 만들기<span lang=\"EN-US\"><o:p></o:p></span></span></p><p class=\"MsoNormal\"><span style=\"font-size:4.0pt;mso-bidi-font-size:11.0pt;\nline-height:107%\">독특한 공중 도시를 지어보세요<span lang=\"EN-US\">. </span>주택을 건설하고<span lang=\"EN-US\">, </span>수요를 충족시키고<span lang=\"EN-US\">, </span>클랜을 성장시키세요<span lang=\"EN-US\">. </span>엘리베이터를 수리하고 무게 균형을 맞추며 연료가 부족하지 않게 주의하세요<span lang=\"EN-US\">!<o:p></o:p></span></span></p><p class=\"MsoNormal\"><span style=\"font-size:4.0pt;mso-bidi-font-size:11.0pt;\nline-height:107%\">황무지 비행하기<span lang=\"EN-US\"><o:p></o:p></span></span></p><p class=\"MsoNormal\"><span style=\"font-size:4.0pt;mso-bidi-font-size:11.0pt;\nline-height:107%\">플레이 내내 바뀌는 풍경을 탐험하세요<span lang=\"EN-US\">. </span>자원을 찾고 잃어버린 기술을\n찾아 고대인의 운명을 발견해보세요<span lang=\"EN-US\">!<o:p></o:p></span></span></p><p class=\"MsoNormal\"><span style=\"font-size:4.0pt;mso-bidi-font-size:11.0pt;\nline-height:107%\">왕국 연결하기<span lang=\"EN-US\"><o:p></o:p></span></span></p><p>\n\n\n\n\n\n\n\n\n\n<span style=\"font-size:4.0pt;mso-bidi-font-size:11.0pt;line-height:107%;\nfont-family:\" 맑은=\"\" 고딕\";mso-ascii-theme-font:minor-latin;mso-fareast-theme-font:=\"\" minor-fareast;mso-hansi-theme-font:minor-latin;mso-bidi-font-family:\"times=\"\" new=\"\" roman\";=\"\" mso-bidi-theme-font:minor-bidi;mso-ansi-language:en-us;mso-fareast-language:=\"\" ko;mso-bidi-language:ar-sa\"=\"\">지상의 왕국에서 동맹을 확보하세요<span lang=\"EN-US\">. </span>왕국이 유물을\n찾고 기념비를 지으며 무역로를 만드는 것을 도우세요<span lang=\"EN-US\">. </span>여러분의 안내로 조화의 시대를 열 수 있습니다</span><br></p>','전체','/upload/2021-07-19/220d52e8-a4b8-497b-9e19-faea0da702df.jpg',1,2,10,11,'/upload/2021-07-19/8042fe8f-0865-4507-b10d-cecb4baead30.jpg','/upload/2021-07-19/db6af99d-1ff8-426a-ad09-57e82a3cb873.jpg','/upload/2021-07-19/43d7801b-09c7-4165-bfc1-45c0615ac580.jpg','/upload/2021-07-19/12c7deec-1f6e-4184-a3cd-509c27fc5a8b.jpg','/upload/2021-07-19/36cfe31e-2de4-430d-896b-dba585c9c539.jpg','2021-07-12 08:54:47','2021-07-19 00:59:26',0,0),(33,'THROUGH THE DARKEST OF TIMES','Paintbucket',15000,0,'우리가 먹는 것이 우리를 만듭니다. Bugsnax에서 전설적인 반 벌레 반 과자 생물, Bugsnax가 사는 Snaktooth Island를 유쾌하게 탐험해보세요','<p><span style=\"font-size:9.0pt;mso-bidi-font-size:11.0pt;\nline-height:107%;font-family:\" 맑은=\"\" 고딕\";mso-ascii-theme-font:minor-latin;=\"\" mso-fareast-theme-font:minor-fareast;mso-hansi-theme-font:minor-latin;=\"\" mso-bidi-font-family:\"times=\"\" new=\"\" roman\";mso-bidi-theme-font:minor-bidi;=\"\" mso-ansi-language:en-us;mso-fareast-language:ko;mso-bidi-language:ar-sa\"=\"\">암울한 시기에는\n두려움과 위험이 존재합니다<span lang=\"EN-US\">. </span>국가의 관점에 공개적으로 반대하는 사람들을 찾으러 순찰 중인 나치 당원에게\n잡힐 위험<span lang=\"EN-US\">. </span>체제에 반대한다는 이유로 독일군에게 얻어맞거나 살해당할 위험<span lang=\"EN-US\">. </span>사랑하는 사람을 비롯하여 모든 것을 잃을 위험<span lang=\"EN-US\">. </span>이것이 우리가 사는\n방식입니다<span lang=\"EN-US\">. </span>이것이 우리가 생존하려고 발버둥 치는 방식입니다<span lang=\"EN-US\">. </span>가장\n암울한 시기에<span lang=\"EN-US\">.</span></span><br></p>','15세','/upload/2021-07-19/40524766-0946-443a-974c-027618bbf3ff.jpg',2,8,9,10,'/upload/2021-07-19/f1bc9dcd-2b76-4387-916d-10e8ab8a5ae4.jpg','/upload/2021-07-19/d5064638-7a7b-46c8-a343-dc6d4b5ae8e0.jpg','/upload/2021-07-19/eeb848d1-f412-43e2-944b-2714581b43ac.jpg','/upload/2021-07-19/522784d0-cfc5-411c-93ff-1be3cc45a60b.jpg','/upload/2021-07-19/22d25e80-74d7-47e1-8c1a-97e696888997.jpg','2021-07-12 08:56:44','2021-07-19 00:58:55',0,0),(34,'EMPIRES OF THE UNDERGROWTH','Slug Disco',25000,10,'곤충 세계에서 벌어지는 실시간 전략 게임에서 자신의 군체를 조종하세요. 게임에서는 땅굴 및 개미집 건설, 장대한 미니어처 전쟁, 다양한 생물체 및 다른 개미 군체들이 나옵니다.','<p><span style=\"font-size:9.0pt;mso-bidi-font-size:11.0pt;\nline-height:107%;font-family:\" 맑은=\"\" 고딕\";mso-ascii-theme-font:minor-latin;=\"\" mso-fareast-theme-font:minor-fareast;mso-hansi-theme-font:minor-latin;=\"\" mso-bidi-font-family:\"times=\"\" new=\"\" roman\";mso-bidi-theme-font:minor-bidi;=\"\" mso-ansi-language:en-us;mso-fareast-language:ko;mso-bidi-language:ar-sa\"=\"\">당신의 여왕은\n썩어가는 통나무 아래 집을 지었습니다<span lang=\"EN-US\">. </span>여왕은 몸집이 크고 연약합니다<span lang=\"EN-US\">.\n</span>군체가 살아남으려면 여왕의 첫 자손들은 빠르게 움직여야 합니다<span lang=\"EN-US\">. </span>군체에 가장 시급한 것은\n도처에 널린 식량을 찾는 것입니다<span lang=\"EN-US\">. </span>그러나 덤불 속에는 다른 굶주린 생명체들이 있습니다<span lang=\"EN-US\">. </span>일개미들은 정신을 똑바로 차려야 합니다<span lang=\"EN-US\">.</span></span><br></p>','12세','/upload/2021-07-19/6164f6a9-915a-4b40-ae49-3dd465cac06e.jpg',2,6,7,10,'/upload/2021-07-19/ca295ef4-5e05-4f21-b254-3b1a6bd88d61.jpg','/upload/2021-07-19/665ff898-f514-4884-9c7f-7fada574d251.jpg','/upload/2021-07-19/b4882c6f-13f6-451f-9819-feb33d885813.jpg','/upload/2021-07-19/85606fba-d2d9-4e7a-a0bd-7660328e3d70.jpg','/upload/2021-07-19/e9ee8fa0-ef08-461f-ae3d-2f252427fd27.jpg','2021-07-12 08:59:18','2021-07-19 00:58:25',0,0),(35,'THE FLOWER COLLECTORS','Mi\'pu\'mi Games',20000,0,'1977년 바르셀로나. 휠체어를 탄 전직 경찰이 살인 사건을 목격하고, 젊고 야심찬 기자와 힘을 합쳐 진상을 밝혀내려 합니다. 스스로를 돌아보게하는 수사 미스터리 속에서 카메라, 쌍안경, 송신기를 들고 마을의 비밀을 밝혀내세요','<p><span lang=\"EN-US\" style=\"font-size:10.0pt;mso-bidi-font-size:\n11.0pt;line-height:107%;font-family:\" 맑은=\"\" 고딕\";mso-ascii-theme-font:minor-latin;=\"\" mso-fareast-theme-font:minor-fareast;mso-hansi-theme-font:minor-latin;=\"\" mso-bidi-font-family:\"times=\"\" new=\"\" roman\";mso-bidi-theme-font:minor-bidi;=\"\" mso-ansi-language:en-us;mso-fareast-language:ko;mso-bidi-language:ar-sa\"=\"\">1977</span><span style=\"font-size:10.0pt;mso-bidi-font-size:11.0pt;line-height:107%;font-family:\n\" 맑은=\"\" 고딕\";mso-ascii-theme-font:minor-latin;mso-fareast-theme-font:minor-fareast;=\"\" mso-hansi-theme-font:minor-latin;mso-bidi-font-family:\"times=\"\" new=\"\" roman\";=\"\" mso-bidi-theme-font:minor-bidi;mso-ansi-language:en-us;mso-fareast-language:=\"\" ko;mso-bidi-language:ar-sa\"=\"\">년 바르셀로나<span lang=\"EN-US\">. </span>휠체어를 탄 전직 경찰이 살인 사건을\n목격하고<span lang=\"EN-US\">, </span>젊고 야심찬 기자와 힘을 합쳐 진상을 밝혀내려 합니다<span lang=\"EN-US\">. </span>스스로를\n돌아보게하는 수사 미스터리 속에서 카메라<span lang=\"EN-US\">, </span>쌍안경<span lang=\"EN-US\">, </span>송신기를\n들고 마을의 비밀을 밝혀내세요</span><br></p>','12세','/upload/2021-07-19/a8b208b5-2568-41f8-a76e-ab156e33c1d4.jpg',1,2,6,11,'/upload/2021-07-19/c6e77b1f-e005-43da-91f1-f5d344139208.jpg','/upload/2021-07-19/551b99fb-0542-4e8b-b77e-7c693a976059.jpg','/upload/2021-07-19/58377a04-2f0f-42a8-bd4e-0ef51f8e7862.jpg','/upload/2021-07-19/0cefe84f-97b7-4194-82f3-85d53396e63f.jpg','/upload/2021-07-19/c34a8bb3-2926-4d5a-9efe-cf6cb1644f33.jpg','2021-07-12 09:02:12','2021-07-19 00:57:51',0,0),(36,'GONE HOME','The Fullbright Company',15000,0,'1995년 6월 7일 새벽 1시 15분 당신은 해외에서 1년간의 시간을 보낸 후 집으로 돌아왔습니다. 가족들이 나를 반겨주길 기대했지만 웬일인지 집은 텅텅 비어있습니다. 무언가 이상한 느낌이 듭니다. 가족 모두들 도대체 어디에 있는걸까요? 무슨 일이 벌어졌을까요? Gone Home에서 비밀의 수수께끼를 풀어보세요.','<p class=\"MsoNormal\"><span lang=\"EN-US\">ReadySet Heroes<o:p></o:p></span></p><p>\n\n<span style=\"font-size:10.0pt;mso-bidi-font-size:11.0pt;line-height:107%;\nfont-family:\" 맑은=\"\" 고딕\";mso-ascii-theme-font:minor-latin;mso-fareast-theme-font:=\"\" minor-fareast;mso-hansi-theme-font:minor-latin;mso-bidi-font-family:\"times=\"\" new=\"\" roman\";=\"\" mso-bidi-theme-font:minor-bidi;mso-ansi-language:en-us;mso-fareast-language:=\"\" ko;mso-bidi-language:ar-sa\"=\"\">빠르게 전개되는 멀티플레이어 던전 탐험과 난투형 액션이 만나는 게임에서 진정한 영웅으로 거듭나세요<span lang=\"EN-US\">! </span>캐릭터를 고르고 무작위 던전들을 돌파하며 몬스터를 무찌르고<span lang=\"EN-US\">, </span>함정을\n피하며 전리품을 획득하고 강해지세요<span lang=\"EN-US\">. </span>같은 던전을 탐험 중인&nbsp;</span><span style=\"font-family: \" 맑은=\"\" 고딕\";=\"\" font-size:=\"\" 10pt;\"=\"\">상대 팀도 있으니\n강해질 이유는 충분합니다</span><span lang=\"EN-US\" style=\"font-family: \" 맑은=\"\" 고딕\";=\"\" font-size:=\"\" 10pt;\"=\"\">! </span><span style=\"font-family: \" 맑은=\"\" 고딕\";=\"\" font-size:=\"\" 10pt;\"=\"\">끝에 먼저 도달한 팀은 격렬한</span><span lang=\"EN-US\" style=\"font-family: \" 맑은=\"\" 고딕\";=\"\" font-size:=\"\" 10pt;\"=\"\"> “</span><span style=\"font-family: \" 맑은=\"\" 고딕\";=\"\" font-size:=\"\" 10pt;\"=\"\">승자독식</span><span lang=\"EN-US\" style=\"font-family: \" 맑은=\"\" 고딕\";=\"\" font-size:=\"\" 10pt;\"=\"\">” </span><span style=\"font-family: \" 맑은=\"\" 고딕\";=\"\" font-size:=\"\" 10pt;\"=\"\">난투를 개시합니다</span><span lang=\"EN-US\" style=\"font-family: \" 맑은=\"\" 고딕\";=\"\" font-size:=\"\" 10pt;\"=\"\">. </span><span style=\"font-family: \" 맑은=\"\" 고딕\";=\"\" font-size:=\"\" 10pt;\"=\"\">두 개의 팀이 입장하지만</span><span lang=\"EN-US\" style=\"font-family: \" 맑은=\"\" 고딕\";=\"\" font-size:=\"\" 10pt;\"=\"\">, </span><span style=\"font-family: \" 맑은=\"\" 고딕\";=\"\" font-size:=\"\" 10pt;\"=\"\">승자는 오직 하나뿐이겠죠</span><span lang=\"EN-US\" style=\"font-family: \" 맑은=\"\" 고딕\";=\"\" font-size:=\"\" 10pt;\"=\"\">.</span><br></p>','12세','/upload/2021-07-19/b3aaf83d-5b12-4abe-9945-6bb700833ca7.jpg',1,2,3,7,'/upload/2021-07-19/e64f3a22-ef10-4699-822e-fc369e7c24fd.jpg','/upload/2021-07-19/0df5efa0-f6ce-4e4e-869a-570487460db9.jpg','/upload/2021-07-19/ba35ba7d-dbec-48f6-8a19-469ac4946c4a.jpg','/upload/2021-07-19/d90bbd79-dad1-4426-819a-7546a1a27a63.jpg','/upload/2021-07-19/0456b0f8-ece4-4ba9-be66-5d3387f992e6.jpg','2021-07-12 09:04:58','2021-07-19 00:57:18',4,60000),(37,'THE UNFINISHED SWAN','Giant Sparrow',15000,0,'What Remains of Edith Finch 제작사가 선보입니다. The Unfinished Swan의 초현실적인 세상 속에서 수수께끼에 싸인 왕국을 탐험해보세요. 페인트를 철썩철썩 뿌리면 주위 세상이 점점 드러납니다','<p><span lang=\"EN-US\" style=\"font-size:9.0pt;mso-bidi-font-size:\n11.0pt;line-height:107%;font-family:\" 맑은=\"\" 고딕\";mso-ascii-theme-font:minor-latin;=\"\" mso-fareast-theme-font:minor-fareast;mso-hansi-theme-font:minor-latin;=\"\" mso-bidi-font-family:\"times=\"\" new=\"\" roman\";mso-bidi-theme-font:minor-bidi;=\"\" mso-ansi-language:en-us;mso-fareast-language:ko;mso-bidi-language:ar-sa\"=\"\">The\nUnfinished Swan</span><span style=\"font-size:9.0pt;mso-bidi-font-size:11.0pt;\nline-height:107%;font-family:\" 맑은=\"\" 고딕\";mso-ascii-theme-font:minor-latin;=\"\" mso-fareast-theme-font:minor-fareast;mso-hansi-theme-font:minor-latin;=\"\" mso-bidi-font-family:\"times=\"\" new=\"\" roman\";mso-bidi-theme-font:minor-bidi;=\"\" mso-ansi-language:en-us;mso-fareast-language:ko;mso-bidi-language:ar-sa\"=\"\">에서 수수께끼에\n싸인 순백의 풍경을 탐험해보세요<span lang=\"EN-US\">. </span>페인트를 철썩철썩 뿌리면 주위 세상이 점점 드러납니다<span lang=\"EN-US\">. 10</span>살짜리 고아<span lang=\"EN-US\"> Monroe</span>가 되어<span lang=\"EN-US\">, </span>채 마르지 않은 페인트를 밟고 나와 돌아다니는 백조를 따라 동화책 같은 초현실적인 왕국으로 들어가 보세요<span lang=\"EN-US\">. </span>각 챕터에는 놀라움<span lang=\"EN-US\">, </span>세상을 탐험하는 새로운 방법<span lang=\"EN-US\">, </span>다양하고 기이한<span lang=\"EN-US\"> (</span>그리고 때로는 위험한<span lang=\"EN-US\">) </span>생물체<span lang=\"EN-US\">, </span>그리고 이 왕국을 건설한 괴짜 왕과의 만남이 기다립니다<span lang=\"EN-US\">.</span></span><br></p>','전체','/upload/2021-07-19/44c85b51-519d-45e8-89b2-fc0ff5bf87c3.jpg',2,3,6,NULL,'/upload/2021-07-19/4e79e5aa-df0c-498b-9aac-864ef9367999.jpg','/upload/2021-07-19/01596b59-32fc-4d29-bd31-7b486e0d406f.jpg',NULL,NULL,NULL,'2021-07-12 09:08:17','2021-07-19 00:56:48',0,0),(39,'METRO: 2033 REDUX','4A Games',51000,20,'Metro 2033 Redux','<p class=\"MsoNormal\"><span style=\"font-size:9.0pt;mso-bidi-font-size:11.0pt;\nline-height:107%\">지난<span lang=\"EN-US\"> 2013</span>년<span lang=\"EN-US\">, </span>종말론적\n사건으로 전 세계가 초토화되어 거의 모든 인류가 전멸하고 지구 표면이 독성의 황무지로 변하였습니다<span lang=\"EN-US\">. </span>소수의\n생존자들은 모스크바의 지하 깊은 곳으로 피신했고<span lang=\"EN-US\">, </span>인류 문명은 새로운 암흑시대로 접어들었습니다<span lang=\"EN-US\">.<o:p></o:p></span></span></p><p class=\"MsoNormal\"><span style=\"font-size:9.0pt;mso-bidi-font-size:11.0pt;\nline-height:107%\">때는<span lang=\"EN-US\"> 2033</span>년<span lang=\"EN-US\">. </span>전 세대는\n지하에서 태어나 자랐고<span lang=\"EN-US\">, </span>메트로 스테이션 도시는 지상에서 기다리는 돌연변이 공포에 포위된 채 서로서로\n생존을 위해 투쟁해 나가고 있습니다<span lang=\"EN-US\">.<o:p></o:p></span></span></p><p class=\"MsoNormal\"><span style=\"font-size:9.0pt;mso-bidi-font-size:11.0pt;\nline-height:107%\">여러분은 화재가 있기 전 날 태어나 지하에서 자란<span lang=\"EN-US\"> Artyom</span>가 되어\n플레이하게 됩니다<span lang=\"EN-US\">. </span>도시 경계를 넘어가 본 적은 없었지만<span lang=\"EN-US\">, </span>운명적인\n사건으로 인해 끔찍한 위협이 임박했음을 생존자들에게 경고하기 위해 절박한 임무를 띄고 지하철 시스템의 심장부로 떠나게 됩니다<span lang=\"EN-US\">.<o:p></o:p></span></span></p><p>\n\n\n\n\n\n<span style=\"font-size:9.0pt;mso-bidi-font-size:11.0pt;line-height:107%;\nfont-family:\" 맑은=\"\" 고딕\";mso-ascii-theme-font:minor-latin;mso-fareast-theme-font:=\"\" minor-fareast;mso-hansi-theme-font:minor-latin;mso-bidi-font-family:\"times=\"\" new=\"\" roman\";=\"\" mso-bidi-theme-font:minor-bidi;mso-ansi-language:en-us;mso-fareast-language:=\"\" ko;mso-bidi-language:ar-sa\"=\"\">지하철 아래의 잊힌 지하 묘지에서 지상의 황량한 황무지로 펼쳐지는 여정 속에서 여러분의 행동이\n바로 인류의 운명을 결정짓게 됩니다<span lang=\"EN-US\">.</span></span><br></p>','12세','/upload/2021-07-19/924934ab-027a-4415-8a7f-9e511f820cb6.jpg',1,4,9,11,'/upload/2021-07-19/22476fc3-ec64-4853-8071-4da8c82fcf69.jpg','/upload/2021-07-19/fa8e331e-282e-496a-95fa-8ef7e1305213.jpg',NULL,NULL,NULL,'2021-07-12 09:11:59','2021-07-19 00:56:05',0,0),(40,'DISC ROOM','Terri, Dose, Kitty and JW',30000,35,'반으로 잘릴 준비가 되셨나요? 때는 2089년... 목성의 궤도에 거대한 원반 하나가 나타났습니다. 큰 우주복에 용감하게 발을 들여놓는 과학자가 되어 무질서하게 펼쳐진 은하계의 도살장을 탐험하세요. 당신을 죽이려고 하는 것들은 당신을 더 강하게 만들 뿐입니다.','<p><span style=\"font-size:10.0pt;mso-bidi-font-size:11.0pt;\nline-height:107%;font-family:\" 맑은=\"\" 고딕\";mso-ascii-theme-font:minor-latin;=\"\" mso-fareast-theme-font:minor-fareast;mso-hansi-theme-font:minor-latin;=\"\" mso-bidi-font-family:\"times=\"\" new=\"\" roman\";mso-bidi-theme-font:minor-bidi;=\"\" mso-ansi-language:en-us;mso-fareast-language:ko;mso-bidi-language:ar-sa\"=\"\">반으로 잘릴\n준비가 되셨나요<span lang=\"EN-US\">? </span>때는<span lang=\"EN-US\"> 2089</span>년<span lang=\"EN-US\">... </span>목성의 궤도에 거대한 원반 하나가 나타났습니다<span lang=\"EN-US\">. </span>큰 우주복에\n용감하게 발을 들여놓는 과학자가 되어 무질서하게 펼쳐진 은하계의 도살장을 탐험하세요<span lang=\"EN-US\">. </span>당신을 죽이려고\n하는 것들은 당신을 더 강하게 만들 뿐입니다<span lang=\"EN-US\">.</span></span><br></p>','15세','/upload/2021-07-19/9de5d62a-30fe-43f0-8ba7-330b92d84333.jpg',1,2,11,12,'/upload/2021-07-19/09ddeefb-b9a6-4fa2-ab73-f73f47efd6c6.jpg','/upload/2021-07-19/d4aa3211-c25e-410b-8b13-3921424a070d.jpg','/upload/2021-07-19/446ef264-3c35-4320-a2b5-8b0ba794179b.jpg','/upload/2021-07-19/e12aec6e-f47d-483d-9adf-9636ab872fdb.jpg','/upload/2021-07-19/f9d6e58d-2094-4990-b07b-05c0bd472af9.jpg','2021-07-12 09:14:44','2021-07-19 00:54:57',4,78000),(41,'KINGDOM HEARTS III + RE MIND(DLC)','Square Enix',64400,0,'KINGDOM HEARTS III + Re Mind(DLC)는 소라와 친구들이 위험천만한 모험에서 경험하는 우정의 힘에 대한 이야기입니다. KINGDOM HEARTS는 자신이 받게 될 놀라운 힘에 대해 전혀 알지 못하는 어린 소년 소라의 여정을 다양한 Disney 세계에서 펼쳐냅니다','<p><span lang=\"EN-US\" style=\"font-size:10.0pt;mso-bidi-font-size:\n11.0pt;line-height:107%;font-family:\" 맑은=\"\" 고딕\";mso-ascii-theme-font:minor-latin;=\"\" mso-fareast-theme-font:minor-fareast;mso-hansi-theme-font:minor-latin;=\"\" mso-bidi-font-family:\"times=\"\" new=\"\" roman\";mso-bidi-theme-font:minor-bidi;=\"\" mso-ansi-language:en-us;mso-fareast-language:ko;mso-bidi-language:ar-sa\"=\"\">INGDOM\nHEARTS III + Re Mind(DLC)</span><span style=\"font-size:10.0pt;mso-bidi-font-size:\n11.0pt;line-height:107%;font-family:\" 맑은=\"\" 고딕\";mso-ascii-theme-font:minor-latin;=\"\" mso-fareast-theme-font:minor-fareast;mso-hansi-theme-font:minor-latin;=\"\" mso-bidi-font-family:\"times=\"\" new=\"\" roman\";mso-bidi-theme-font:minor-bidi;=\"\" mso-ansi-language:en-us;mso-fareast-language:ko;mso-bidi-language:ar-sa\"=\"\">를 구매하면<span lang=\"EN-US\"> Disney+ 3</span>개월 이용권을 드립니다<span lang=\"EN-US\">! </span>본 혜택은 특정 국가의 만<span lang=\"EN-US\"> 18</span>세 이상<span lang=\"EN-US\"> Disney+ </span>신규 구독자만 이용할 수 있습니다<span lang=\"EN-US\">. </span>구독을 취소하지 않으면<span lang=\"EN-US\"> 3</span>개월이 되는 마지막 날에 해당 시점 현지\n요금으로 자동 갱신됩니다<span lang=\"EN-US\">. </span>본 행사는<span lang=\"EN-US\"> 2021</span>년<span lang=\"EN-US\"> 5</span>월<span lang=\"EN-US\"> 31</span>일 오후<span lang=\"EN-US\"> 7</span>시<span lang=\"EN-US\">(</span>한국 시간<span lang=\"EN-US\">)</span>에 종료됩니다<span lang=\"EN-US\">. </span>자세한\n정보를 확인하려면<span lang=\"EN-US\"> FAQ</span>를 방문하세요<span lang=\"EN-US\">.</span></span><br></p>','12세','/upload/2021-07-19/b715c035-a517-4352-ac85-88f20ae294ae.jpg',1,5,7,10,'/upload/2021-07-19/e0331405-2c9c-4392-bcbf-4d92cad61b43.jpg','/upload/2021-07-19/292b754c-ba99-42fd-be1b-673dca8aeef5.jpg','/upload/2021-07-19/7d01180c-7734-409a-998c-578887d95018.jpg',NULL,NULL,'2021-07-12 09:18:32','2021-07-19 00:54:20',3,193200),(42,'Subnautica Below Zero','Unknown Worlds Entertainment',31000,100,'4546B 행성으로 귀환\n얼음처럼 차가운 수중 모험 속으로 뛰어드세요. Below Zero는 4546B 행성의\n극한 지역에서 시작됩니다. 여러분은 행성 표면의 연구 기지에 파견된 과학자가 되어,\n외계의 유물 연구를 시작합니다...','<div class=\"css-1g0mw3g\" data-component=\"MarkdownParagraph\" style=\"text-size-adjust: 100%; box-sizing: inherit; margin-bottom: 25px; color: rgba(18, 18, 18, 0.6); font-family: Brutal, sans-serif; letter-spacing: 0.2px; background-color: rgb(245, 245, 245);\">해양의 음모</div><div class=\"css-1g0mw3g\" data-component=\"MarkdownParagraph\" style=\"text-size-adjust: 100%; box-sizing: inherit; margin-bottom: 25px; color: rgba(18, 18, 18, 0.6); font-family: Brutal, sans-serif; letter-spacing: 0.2px; background-color: rgb(245, 245, 245);\">이전에 이곳에 온 외계인은 누구였을까요? 그들은 왜 이 행성에 있었을까요? 여러분은<br style=\"text-size-adjust: 100%; box-sizing: inherit;\">지휘관을 믿을 수 있나요? Below Zero는 Subnautica 유니버스의 이야기를 확장하여,<br style=\"text-size-adjust: 100%; box-sizing: inherit;\">오리지널 게임에서 소개된 미스터리 속으로 깊숙이 들어갑니다.</div><div class=\"css-1g0mw3g\" data-component=\"MarkdownParagraph\" style=\"text-size-adjust: 100%; box-sizing: inherit; margin-bottom: 25px; color: rgba(18, 18, 18, 0.6); font-family: Brutal, sans-serif; letter-spacing: 0.2px; background-color: rgb(245, 245, 245);\">개발팀 소개</div><div class=\"css-1g0mw3g\" data-component=\"MarkdownParagraph\" style=\"text-size-adjust: 100%; box-sizing: inherit; margin-bottom: 25px; color: rgba(18, 18, 18, 0.6); font-family: Brutal, sans-serif; letter-spacing: 0.2px; background-color: rgb(245, 245, 245);\">Below Zero는 2002년 Half-Life 모드인 Natural Selection을 제작했던 소규모 스튜디오<br style=\"text-size-adjust: 100%; box-sizing: inherit;\">Unknown Worlds에서 제작하고 있습니다. 개발팀은 전 세계 여기저기에서 활약 중이며,<br style=\"text-size-adjust: 100%; box-sizing: inherit;\">미국, 영국, 프랑스, 호주 등지에서 작업하고 있습니다.</div><div class=\"css-1g0mw3g\" data-component=\"MarkdownParagraph\" style=\"text-size-adjust: 100%; box-sizing: inherit; margin-bottom: 25px; color: rgba(18, 18, 18, 0.6); font-family: Brutal, sans-serif; letter-spacing: 0.2px; background-color: rgb(245, 245, 245);\">경고</div><div class=\"css-1g0mw3g\" data-component=\"MarkdownParagraph\" style=\"text-size-adjust: 100%; box-sizing: inherit; margin-bottom: 25px; color: rgba(18, 18, 18, 0.6); font-family: Brutal, sans-serif; letter-spacing: 0.2px; background-color: rgb(245, 245, 245);\">본 게임은 깜박이는 빛을 포함하고 있어 광감수성 간질<br style=\"text-size-adjust: 100%; box-sizing: inherit;\">또는 기타 광감수성 질환자에게 적합하지 않을 수 있습니다. 이에 주의를 요합니다.</div>','12세','/upload/2021-07-19/2eea82f8-c691-4a90-bf37-0be36adedf30.jpg',8,9,10,11,'/upload/2021-07-19/f56bcb21-440b-470a-90fc-de604adbdec1.jpg','/upload/2021-07-19/d1581624-0c6f-4b4b-b82b-a3523e5b3234.jpg','/upload/2021-07-19/2f57469d-3489-4f81-9fb3-6a8693dff41e.jpg','/upload/2021-07-19/0070bec8-4fe9-44fc-86fb-96f8c1e32f3a.jpg','/upload/2021-07-19/74ad90ac-2a97-4593-8895-b5b2877a7566.jpg','2021-07-16 02:05:12','2021-07-19 00:53:47',1,0),(43,'Wanna Survive','Cyan, Inc.',30000,100,'Myst의 개발사인 Cyan이 선사하는 공상 과학 어드벤처. 머나먼 우주 공간을 건너 납치된 당신은 이상한 지구 조각들과 함께 파괴된 외계인 세계에 있는 자신을 발견합니다. 탐험하고, 발견하고, 풀어가면서 집으로 가는 길을 찾으세요.','<div>Myst를 개발한 인디 스튜디오 Cyan이 새로운 공상 과학 어드벤처를 선사합니다.</div><div>당신은 구름 낀 어느 날 밤 강가를 거닐고 있습니다. 별로 가득한 하늘로부터 인공 유기체가 떨어져서는 허락도 받지 않고 당신을 우주 저편 어딘가로 이동해 버립니다.</div><div>Obduction의 이상한 세계는 이들이 남겨놓은 실마리를 탐색하고, 발견하고, 유도해내고, 고려하는 것만으로 밝혀집니다. 외계의 아름다음에 흠뻑 빠져 불가사의한 풍경을 탐색하는 동안 내가 선택하는 모든 결정이 중대한 결과를 가져온다는 사실을 반드시 유념하세요. 이 이야기는 이제 당신의 이야기입니다.</div>','12세','/upload/2021-07-19/a8c062cd-c7dd-4c8f-ac91-2e93be20194a.jpg',4,5,6,NULL,'/upload/2021-07-19/f4fa6dfa-2cc7-4e5d-829e-9ca8b1418d2f.jpg','/upload/2021-07-19/a4b23701-46db-46aa-88e3-4bd2895fb9a7.jpg','/upload/2021-07-19/29e5c86c-a676-4830-a200-a93ffd16160d.jpg','/upload/2021-07-19/c9c98eba-da38-44dd-a9ac-7d5b38ab6a05.jpg','/upload/2021-07-19/749ffc10-7327-479f-a043-bf91c44718e7.jpg','2021-07-16 02:07:12','2021-07-19 00:53:06',3,0),(44,'Wheels of Aurelia','Santa Ragione srl',10500,100,'격동적인 1970년대 이탈리아의 서쪽 모래 해변을 지나며 생생한 로드 트립을 떠나보세요. 대범하고 용기 있는 여성 렐라가 되어 이탈리아 역사상 격동의 시기를 눈과 귀로 체험하며 렐라의 과거를 하나하나 밝혀내보세요.','<p>역사</p><p>Wheels of Aurelia는 이탈리아의 전형적인 인식을 바꾸려 노력했던 1970년대 사건들을 문화적으로, 역사적으로 조사한 후 만들어졌습니다. 여태껏 비디오 게임에서 다룬 적 없었던 이탈리아의 역사를 경험할 수 있는 게임입니다.</p><p>수상 사항</p><p>\" Independent Games Festival \" Nuovo 어워드 선외 가작상 2017</p><p>\" IndieCade Festival \" 공식 후보 2016</p><p>\" A MAZE. Awards \" 가장 놀라운 게임 - 최우수상 최종 후보 2016</p><p>\" Fantastic Arcade \" 스포트라이트 프리미어 2015</p>','12세','/upload/2021-07-19/fff947df-26da-4bda-b936-b91ebdd143a3.jpg',4,5,6,10,'/upload/2021-07-19/e6e349a2-07f4-4689-ba9d-b091258b324a.jpg','/upload/2021-07-19/fdced748-f5b9-42c1-a245-a030d768b11f.jpg','/upload/2021-07-19/57b0f0bd-351d-4908-af3e-43a1dad45336.jpg','/upload/2021-07-19/ae39d555-eaba-4bc2-b813-8b9cc21be3b7.jpg','/upload/2021-07-19/04f43125-f5f8-4d04-bec2-ea31b5238acd.jpg','2021-07-16 02:10:45','2021-07-19 00:50:51',2,0),(45,'Among Us','Innersloth',20000,20,'온라인 또는 로컬 WiFi에서 4~15명의 플레이어와 함께 플레이하며 우주선을 타고 떠나는 여행을 준비하세요. 하지만 조심해야 합니다. 크루원 사이에는 모두를 처치하려고 하는 임포스터가 하나 이상 숨어 있으니까요!\n','<p>Among Us</p><p>크루원의 임무: 크루원이 승리하려면 모든 임무를 완료해야 합니다. 임포스터를 조심하세요! 시체를 발견하면 신고하고 긴급회의를 열어 투표로 임포스터를 우주선에서 쫓아내세요. 옳은 선택을 내릴 수 있길 바랍니다!</p><p>임포스터의 임무: 몰래 숨어다니며 혼란을 일으키고, 무고한 사람에게 누명을 씌우세요! 모든 크루원을 처치하세요. 방해 공작을 능수능란하게 활용하세요.</p><p>커스터마이징: 원하는 플레이 방식을 선택하세요! 더 많은 임포스터와 임무를 추가하고, 시야 등을 낮출 수 있습니다. 원하는 색상, 스킨, 모자로 개성을 표현하세요.</p><p>크로스 플랫폼: PC, Android, iOS 등 플랫폼에 상관없이 친구와 플레이하세요!</p>','전체','/upload/2021-07-22/82b419eb-a9e1-44fb-8823-8289324ff0aa.PNG',1,2,3,NULL,'/upload/2021-07-22/839b89d6-30b2-4fcd-b186-a9638aa17486.jpg','/upload/2021-07-22/bb138ee5-4f8f-4f67-9443-63583e24fd68.jpg','/upload/2021-07-22/fa74fa2e-227c-47bc-a418-dff74836799b.jpg','/upload/2021-07-22/a56b1fcb-317f-4cf3-89d4-0e5b8d7a9ad9.jpg','/upload/2021-07-22/d9400c00-fc85-49b4-abb0-a9cdf8591b8c.jpg','2021-07-21 03:51:37','2021-07-22 01:51:03',4,64000);
/*!40000 ALTER TABLE `game_info` ENABLE KEYS */;
UNLOCK TABLES;

--
-- Table structure for table `news_list`
--

DROP TABLE IF EXISTS `news_list`;
/*!40101 SET @saved_cs_client     = @@character_set_client */;
/*!50503 SET character_set_client = utf8mb4 */;
CREATE TABLE `news_list` (
  `news_id` int NOT NULL AUTO_INCREMENT,
  `news_title` varchar(50) NOT NULL,
  `news_sub_title` varchar(200) NOT NULL,
  `news_thumb_image` varchar(100) NOT NULL DEFAULT 'default_img.jpg',
  `news_text` text NOT NULL,
  `news_write_date` timestamp NOT NULL,
  `news_update_date` timestamp NULL DEFAULT NULL,
  PRIMARY KEY (`news_id`)
) ENGINE=InnoDB AUTO_INCREMENT=10 DEFAULT CHARSET=utf8mb4 COLLATE=utf8mb4_0900_ai_ci;
/*!40101 SET character_set_client = @saved_cs_client */;

--
-- Dumping data for table `news_list`
--

LOCK TABLES `news_list` WRITE;
/*!40000 ALTER TABLE `news_list` DISABLE KEYS */;
INSERT INTO `news_list` VALUES (1,'전설의 Alex Kidd가 돌아옵니다!','1986년 Alex Kidd in Miracle World에서 우리 앞에 처음 모습을 나타냈던 상징적인 Alex Kidd가 돌아옵니다!','/upload/2021-07-14/c53cbe98-d69a-4fe5-9cb3-1f818105f3b1.jpg','<p>The Kingdom of Radaxian을 예전의 위엄스러운 모습으로 되돌리고 악마 Janken the Great을 파괴하세요!</p><p>오리지널 게임의 모든 레벨과 Alex Kidd의 구전을 더욱 확장하는 최신 레벨로 구성된 이 게임의 새로운 애니메이션, 그래픽 세부묘사, 개선된 게임 플레이로 전에는 보지 못한 완전 새로운 Miracle World를 체험하세요.</p><p>Boss Rush Mode로 전설의 가위바위보를 다시 체험해 보세요!</p><p>Boss Rush Mode는 예전의 오리지널 클래식 보스 전투도 모두 포함하여 논스톱 보스 액션을 체험할 수 있는 기회를 줍니다!</p><p>Retro Mode를 통해 클래식 게임으로 곧바로 이동하세요!</p><p>Retro Mode를 통해 버튼만 누르면 오리지널 클래식 게임으로 곧장 뛰어들 수 있습니다! 게임 플레이 중 언제든 강화된 그래픽과 오리지널 아트 스타일의 재창조 버전 간에 전환할 수 있습니다!</p>','2021-07-14 07:12:14',NULL),(2,'Timelie에서는 일분일초가 중요합니다','퍼즐을 해결하고 이상하고도 비현실적인 세계의 비밀을 풀어가며 미디어 플레이어처럼 시간을 조종하고, 기묘한 고양이와 힘을 모으세요. 잠입하고, 문제를 해결하고, 탈출하세요.','/upload/2021-07-14/b31a164f-d886-4df7-9464-871a003444f4.jpg','<p>잠행 퍼즐 게임으로, 여러분의 손에 시간의 힘을 주는 관념적이고 비현실적인 세계에 갇힌 소녀와 기묘한 고양이는 계속해서 그들을 쫓는 이름 없는 적을 피해 탈출해야 합니다.타임라인 능력은 플레이어가 미디어 플레이어처럼 시간을 조종할 수 있게 해줍니다. 타임라인을 왼쪽으로 끌어당기면 시간을 되감아 과거 실수를 되돌릴 수 있습니다.&nbsp; 오른쪽으로 끌어당기면 미래를 볼 수 있고, 과거를 바꿀 수 있는 중요한 정보를 밝혀 얻을 수 있습니다. 소녀와 고양이를 동시에 조종합니다. 그렇게 움직임과 행동의 타이밍을 조절해 서로 도와가며 발각당하지 않고, 붙잡힌 세계에서 탈출해야 합니다. 처음 경험하는 싱글 플레이어의 협동 플레이를 만나 보세요 다채로운 개념과 비현실적 비주얼로 가득한 강렬한 세계에서 길을 잃었습니다. 탐험해 나갈 이 이상한 곳은 위험과... 새로운 발견으로 가득합니다.<br></p>','2021-07-14 07:13:10',NULL),(3,'새롭게 선보이는 프리 PvP 업데이트에서 오랜 친구들과 경쟁해보세요.','Just Die Already는 노인들이 난동판을 치고 다니는 샌드박스 게임으로 Goat Simulator의 디자이너들이 개발했습니다. ','/upload/2021-07-14/7b398331-ebff-4c4a-bc0a-2c8b7d627300.jpg','<p>Just Die Already는 노인들이 난동판을 치고 다니는 샌드박스 게임으로 Goat Simulator의 디자이너들이 개발했습니다.</p><p>아무도 아이를 가지려 하지 않는 가까운 미래에 사는 당신은 은퇴한 노인입니다. 진짜 일을 하기보다는 비디오 게임 플레이를 더 좋아하고 고마움이라고는 손톱만큼도 알지 못하는 밀레니얼 세대로 인해 연금 제도에 돈을 부어줄 사람이 없습니다. 생활비를 내어줄 사람조차 없는 당신은 이 세상 모든 다른 노인들처럼 혼자서 살아남는 수밖에 없습니다.</p><p>하지만 당신이 벌써 죽었으면 하는 이 세상에서 도대체 어떻게 살아남을 수 있을까요?</p><p>엎친데 덮친 격으로 양로원에서도 쫓겨났고, 무료 요양 시설에 들어가는 자격을 얻을 수 있는 은퇴 티켓을 따기 위해서는 위험한 도전을 감행하고 세상을 탐험해야 합니다.</p><p>온 세상이 이렇게 당신이 죽어주길 기다리고 있으니, 오히려 좀 살아볼 만한 때가 아닐까요?</p>','2021-07-14 07:14:03',NULL),(4,'게임 속에서 「티바트」라 불리는 판타지 세계를 탐험해 보세요!','당신은 게임 속에서 「티바트」라 불리는 판타지 세계를 탐험하게 됩니다. ','/upload/2021-07-14/532c77eb-1390-46c5-b54b-159b5180b6e0.jpg','<p>신규 1.6 버전 「여름! 섬? 모험!」오픈!</p><p>신규 캐릭터 파도를 쫓는 단풍·카에데하라 카즈하 (바람)</p><p>신규 이벤트 여름 테마 이벤트 「여름! 섬? 모험!」</p><p>신규 시스템 속세의 주전자, 코스튬 시스템 업데이트</p><p>신규 스토리 가을바람에 흩날리는 단풍</p><p>신규 무기 한손검·오래된 자유의 서약</p><p>신규 몬스터 꼭두각시 검귀</p><p>〓자유도 높은 오픈월드 시스템〓</p><p>《원신》은 오픈월드 어드벤처 게임으로, 여행자님은 「티바트」 대륙에 들어온 순간부터 산을 넘고, 강을 건너며 새로운 세계로의 모험을 떠날 수 있습니다. 공중에 떠다니는 선령들과 기이한 장치들을 발견하게 되면, 어떤 놀라운 일이 발생할지 기대해보세요!</p><p>〓원소 상호작용을 통한 전략적인 전투〓</p><p>원소가 살아 숨 쉬는 티바트 세계에는 바람, 번개, 물, 불, 얼음, 풀, 바위 7개 원소가 존재합니다! 「신의 눈」을 가진 캐릭터는 원소의 힘을 사용해 전투와 탐험을 수행할 수 있습니다.</p><p>물과 불이 만나면 「증발」하고 불과 번개는 「과부하」를 일으키며, 번개와 물이 만나면 「감전」이 발생합니다. 상대에 맞게 적절한 원소 효과를 사용하는 것이 바로 승리의 열쇠입니다!</p><p>〓고퀄리티 그래픽과 OST〓</p><p>《원신》은 카툰렌더링 기술을 활용한 고퀄리티 그래픽으로 제작되었습니다. 캐릭터들의 실시간 동작들을 세밀하게 조정해 높은 퀄리티의 연출 효과를 표현했습니다.</p><p>24시간에 따라 밤낮이 바뀌고, 날씨와 OST도 환경에 맞게 변화합니다.</p><p>또한, 여행자 여러분들은 티바트 세계 어디에 있든, 세계 정상급 교향악단인 런던필하모니 오케스트라와 상하이 교향악단이 선보이는 지역 특색 가득한 연주도 들을 수 있습니다!</p><p>〓각양각색의 동료들과 함께하는 모험〓</p><p>여러분은 여행 중 독특한 능력을 지닌 동료들을 만날 수 있습니다. 최고의 파티를 조합하고, 여행 중 수집한 재료로 캐릭터를 강화하여 티바트 대륙의 몬스터와 비경을 정복해 보세요!</p><p>〓친구들과 함께하는 여정〓</p><p>친구들과 다양한 플랫폼에서 함께 플레이하여 더 많은 원소 작용을 유발하고, 까다로운 보스 전투에서 함께 싸우고, 난이도가 높은 영역은 함께 정복하여 높은 보상을 나누세요.</p><p>높은 산 정상에 서면 비와 눈, 그리고 아름다운 구름이 눈앞에 펼쳐집니다. 그러나 아직 잃어버린 혈육과의 재회와 「원신」의 진실을 밝혀내지 못했습니다……. 여행자, 진정한 모험은 이제 시작됐습니다!</p>','2021-07-14 07:15:39',NULL),(5,'우주선을 타고 떠나는 여행을 준비하세요. ','크루원의 임무: 크루원이 승리하려면 모든 임무를 완료해야 합니다. 임포스터를 조심하세요! 시체를 발견하면 신고하고 긴급회의를 열어 투표로 임포스터를 우주선에서 쫓아내세요. 옳은 선','/upload/2021-07-14/d7097ed9-dc14-4e43-8ce4-fb9b1e90a3b0.jpg','<p>임포스터의 임무: 몰래 숨어다니며 혼란을 일으키고, 무고한 사람에게 누명을 씌우세요! 모든 크루원을 처치하세요. 방해 공작을 능수능란하게 활용하세요.</p><p>커스터마이징: 원하는 플레이 방식을 선택하세요! 더 많은 임포스터와 임무를 추가하고, 시야 등을 낮출 수 있습니다. 원하는 색상, 스킨, 모자로 개성을 표현하세요.</p><p>크로스 플랫폼: PC, Android, iOS 등 플랫폼에 상관없이 친구와 플레이하세요!</p>','2021-07-14 07:18:44',NULL),(6,'현실의 마을 축제처럼, Carnival Games로 놀러오세요!','총 20개의 미니게임에서 여러분과 친구들이 승리에 승리를 거듭할 수 있도록 해 줄 것입니다!','/upload/2021-07-14/e38b682a-85a9-4899-ab78-77155511882c.jpg','<p>현실의 마을 축제처럼, Carnival Games에는 여러번 즐길 수 있는 짜릿한 미니 게임들로 가득 차 있습니다. 농구공 넣기 게임(\"Swish\")이나 거슬리는 광대들을 쓰러뜨리는 게임(\"Clowning Around\")같은 전통적인 미니 게임들에 더해, 플라잉 드론 레이싱 게임(\"Light Speed\"), 코스믹 볼링 게임(\"Cosmic Strike\")같은 다른 어트랙션을 추가했습니다. 총 20개의 게임을 제공하는 Carnival Games는 모두에게 환상적인 시간을 제공할 것입니다.<br></p>','2021-07-14 07:19:44',NULL),(7,'Bugsnax가 사는 Snaktooth Island를 유쾌하게 탐험해보세요.',' 난장판인 Elizabert의 캠프와 섬 전체에 흩어진 추종자들을 찾아내며 이 섬을 혼자서...그리고 굶주린 채 탐색해야 합니다!','/upload/2021-07-14/91aad958-3b1f-487b-bada-391c4952e85e.jpg','<p>Snaktooth Island의 수수께끼와 Elizabert에게 생긴 일을 해결하는 것은 여러분의 몫입니다. Bugsnax는 무엇이고 어디에서 나타난 걸까요? 무엇보다도, 왜 이렇게 맛있는 거죠?</p><p>특징</p><p>다채로운 기계 장치와 미끼를 이용해 100종류의 Bugsnax를 발견하고 사냥하고 사로잡아 보세요!</p><p>Snaxburg 원주민을 추적하고 재결합하기 위해 Snaktooth Island의 풍성한 생물계를 탐험하세요.</p><p>Elizabert의 엉망진창 군단과 Snaktooth Island의 수수께끼를 알아내기 위한 모든 단서를 따라가세요.</p><p>새로운 Bugsnax 친구들을 모아 셀 수 없이 다채로운 모습으로 꾸며보세요.</p>','2021-07-14 07:20:35',NULL),(8,'마을에 고양이 카페를 재건하여 껴안고 싶은 동물들을 만나보세요!','신비로운 소녀들과 환상적인 친구들이 가득한 작은 마을에서 쇠퇴한 고양이 카페를 책임져야 하는 여정을 시작하세요. ','/upload/2021-07-14/1ba4b819-c592-4313-8240-bce3819d0024.jpg','<p>플레이어는 Calico 세계에서 많은 동물을 만납니다. 친구가 되고 나면 이름을 붙일 수 있고 자신의 파티에 추가하거나 카페에 새로운 집을 만들어줄 수 있습니다. 파티에 있는 동물들은 여러분과 모든 곳을 함께 가며 명령을 따릅니다. 카페에 있는 동물들은 휴식하거나 방문한 손님과 놉니다.</p><p>파티에 동물을 추가하는 것 외에도 고양이 등 동물들을 쓰다듬고 함께 놀며 상호작용할 수 있습니다! Calico 속 동물 상호작용에는 장난감 가지고 놀기, 춤추기, 껴안기, 쓰다듬기, 들고 가기, 함께 휴식하기, 응석받아주기 등이 있습니다.</p><p>카페 장식</p><p>Calico에서 여러분의 과제는 마을 고양이 카페를 되살리는 것입니다. 고양이와 동물들만 데려온다고 할 수 있는 것은 아닙니다. 가구와 장난감으로 카페를 꾸며야 합니다! 가구, 장식물, 장난감을 수집하고 배치할 수 있도록 완전한 시스템을 갖출 예정입니다. 카페 손님을 위한 가구가 일부 있으며 기타 가구는 동물 친구들을 위한 것입니다(캣트리, 스크래쳐, 강아지 침대 등 몇 가지 옵션이 더 있습니다!).</p><p>요리 미니게임</p><p>마을 사람들을 위해 맛있는 과자류와 음료를 제조하여 멋진 카페를 만드세요! 판매용 페이스트리를 만들고 전시하며 음료 메뉴도 만들 수 있는 시스템을 갖출 예정입니다. 일부 페이스트리와 음료는 커스터마이징할 수 있습니다. 예를 들어, 페인트 디자인으로 마카롱 표면을 칠할 수 있습니다.</p>','2021-07-14 07:21:15',NULL),(9,' 터무니없는 행동과 시사적 상황을 참아야 하는 개발자들의 모험에 참여하세요. ','이번 주 Pylon과 Kevin은 Pylon이 잃어버린... 얼굴을 되찾기 위한 모험을 시작합니다.','/upload/2021-07-14/4a2945ba-bf1c-4a55-898f-64d2796be363.jpg','<p>Shovelworks Studios가 10점 중 3점이 넘는 게임을 한 번이라도 만들 수 있는 날이 올까요?</p><p>세계 최악의 게임 개발 스튜디오에 오신 것을 환영합니다. 일부는 애니메이션으로 된 쇼이고 일부는 게임인 3 out of 10은 세계 최초 플레이 가능한 시트콤입니다. 그게 사실이라고 99% 확신합니다. 저희가 틀렸다면 알려주세요.&nbsp; 완전히 애니메이션화 되고 목소리를 입힌 장면들은 터무니없는 Shovelworks의 세계로 빠져들게 합니다. 이야기를 바탕으로 한 미니 게임들을 통해 게임 개발의 뒷이야기를 사랑스럽고 풍자적으로 바라볼 수 있습니다. 언제든지 건너뛰고, 다시 보고, 되감기 하세요... 원하는 속도로 3 out of 10의 세계를 경험하세요.</p><p><br></p><p>Season One에는 5개의 에피소드가 있으며 매주 무료로 공개됩니다!</p>','2021-07-14 07:32:31',NULL);
/*!40000 ALTER TABLE `news_list` ENABLE KEYS */;
UNLOCK TABLES;

--
-- Table structure for table `purchased_game_list`
--

DROP TABLE IF EXISTS `purchased_game_list`;
/*!40101 SET @saved_cs_client     = @@character_set_client */;
/*!50503 SET character_set_client = utf8mb4 */;
CREATE TABLE `purchased_game_list` (
  `purchased_game_id` int NOT NULL AUTO_INCREMENT,
  `game_id` int NOT NULL,
  `user_id` int NOT NULL,
  `purchased_write_date` timestamp NOT NULL,
  PRIMARY KEY (`purchased_game_id`),
  KEY `game_id` (`game_id`),
  KEY `user_id` (`user_id`),
  CONSTRAINT `purchased_game_list_ibfk_1` FOREIGN KEY (`game_id`) REFERENCES `game_info` (`game_id`),
  CONSTRAINT `purchased_game_list_ibfk_2` FOREIGN KEY (`user_id`) REFERENCES `user_info` (`user_id`)
) ENGINE=InnoDB AUTO_INCREMENT=31 DEFAULT CHARSET=utf8mb4 COLLATE=utf8mb4_0900_ai_ci;
/*!40101 SET character_set_client = @saved_cs_client */;

--
-- Dumping data for table `purchased_game_list`
--

LOCK TABLES `purchased_game_list` WRITE;
/*!40000 ALTER TABLE `purchased_game_list` DISABLE KEYS */;
INSERT INTO `purchased_game_list` VALUES (25,42,26,'2021-08-16 11:10:12'),(26,44,26,'2021-08-16 11:16:30'),(27,18,26,'2021-08-16 11:16:58'),(28,43,26,'2021-08-16 14:39:39'),(29,45,26,'2022-09-27 12:43:16'),(30,41,37,'2022-11-09 11:53:46');
/*!40000 ALTER TABLE `purchased_game_list` ENABLE KEYS */;
UNLOCK TABLES;

--
-- Table structure for table `question_list`
--

DROP TABLE IF EXISTS `question_list`;
/*!40101 SET @saved_cs_client     = @@character_set_client */;
/*!50503 SET character_set_client = utf8mb4 */;
CREATE TABLE `question_list` (
  `question_id` int NOT NULL AUTO_INCREMENT,
  `user_id` int NOT NULL,
  `question_title` varchar(50) NOT NULL,
  `question_text` varchar(500) NOT NULL,
  `question_write_date` timestamp NOT NULL,
  `question_answer_yn` tinyint(1) NOT NULL,
  `question_read_yn` tinyint(1) NOT NULL,
  `question_image1` varchar(100) DEFAULT 'default_img.jpg',
  `question_image2` varchar(100) DEFAULT 'default_img.jpg',
  `question_image3` varchar(100) DEFAULT 'default_img.jpg',
  PRIMARY KEY (`question_id`),
  KEY `user_id` (`user_id`),
  CONSTRAINT `question_list_ibfk_1` FOREIGN KEY (`user_id`) REFERENCES `user_info` (`user_id`)
) ENGINE=InnoDB AUTO_INCREMENT=7 DEFAULT CHARSET=utf8mb4 COLLATE=utf8mb4_0900_ai_ci;
/*!40101 SET character_set_client = @saved_cs_client */;

--
-- Dumping data for table `question_list`
--

LOCK TABLES `question_list` WRITE;
/*!40000 ALTER TABLE `question_list` DISABLE KEYS */;
INSERT INTO `question_list` VALUES (2,26,'문의 제목입니다','문의 내용입니다','2021-07-22 02:15:56',0,1,'/upload/2021-07-22/7a6cbd0c-6013-4cfe-ad87-e935c0da21fc.PNG',NULL,NULL),(5,26,'문의 드립니다 테스트','12345','2022-09-27 12:36:12',0,1,'/upload/2022-09-27/f2501a0d-373a-4fd6-905c-19623747fa6d.png',NULL,NULL),(6,37,'한의진 문의하기 테스트','테스트','2022-11-09 11:56:13',0,1,'',NULL,NULL);
/*!40000 ALTER TABLE `question_list` ENABLE KEYS */;
UNLOCK TABLES;

--
-- Table structure for table `report_list`
--

DROP TABLE IF EXISTS `report_list`;
/*!40101 SET @saved_cs_client     = @@character_set_client */;
/*!50503 SET character_set_client = utf8mb4 */;
CREATE TABLE `report_list` (
  `report_id` int NOT NULL AUTO_INCREMENT,
  `report_from_user_id` int NOT NULL,
  `review_id` int NOT NULL,
  `report_text` varchar(500) NOT NULL,
  `report_write_date` timestamp NOT NULL,
  `report_read_yn` tinyint(1) NOT NULL,
  PRIMARY KEY (`report_id`),
  KEY `report_from_user_id` (`report_from_user_id`),
  KEY `review_id` (`review_id`),
  CONSTRAINT `report_list_ibfk_1` FOREIGN KEY (`report_from_user_id`) REFERENCES `user_info` (`user_id`),
  CONSTRAINT `report_list_ibfk_2` FOREIGN KEY (`review_id`) REFERENCES `review_list` (`review_id`)
) ENGINE=InnoDB AUTO_INCREMENT=4 DEFAULT CHARSET=utf8mb4 COLLATE=utf8mb4_0900_ai_ci;
/*!40101 SET character_set_client = @saved_cs_client */;

--
-- Dumping data for table `report_list`
--

LOCK TABLES `report_list` WRITE;
/*!40000 ALTER TABLE `report_list` DISABLE KEYS */;
INSERT INTO `report_list` VALUES (1,31,21,'저는 재미있어요','2021-07-22 01:58:48',1);
/*!40000 ALTER TABLE `report_list` ENABLE KEYS */;
UNLOCK TABLES;

--
-- Table structure for table `review_list`
--

DROP TABLE IF EXISTS `review_list`;
/*!40101 SET @saved_cs_client     = @@character_set_client */;
/*!50503 SET character_set_client = utf8mb4 */;
CREATE TABLE `review_list` (
  `review_id` int NOT NULL AUTO_INCREMENT,
  `game_id` int NOT NULL,
  `user_id` int NOT NULL,
  `review_text` varchar(500) NOT NULL,
  `review_like_count` int NOT NULL DEFAULT '0',
  `review_report_count` int DEFAULT '0',
  `review_star_rating` enum('1','2','3','4','5') DEFAULT '1',
  `review_write_date` timestamp NOT NULL,
  `review_update_date` timestamp NULL DEFAULT NULL,
  PRIMARY KEY (`review_id`),
  KEY `game_id` (`game_id`),
  KEY `user_id` (`user_id`),
  CONSTRAINT `review_list_ibfk_1` FOREIGN KEY (`game_id`) REFERENCES `game_info` (`game_id`),
  CONSTRAINT `review_list_ibfk_2` FOREIGN KEY (`user_id`) REFERENCES `user_info` (`user_id`)
) ENGINE=InnoDB AUTO_INCREMENT=35 DEFAULT CHARSET=utf8mb4 COLLATE=utf8mb4_0900_ai_ci;
/*!40101 SET character_set_client = @saved_cs_client */;

--
-- Dumping data for table `review_list`
--

LOCK TABLES `review_list` WRITE;
/*!40000 ALTER TABLE `review_list` DISABLE KEYS */;
INSERT INTO `review_list` VALUES (1,1,2,'너무너무 재밌는 게임이에용 베리 굳',4,5,'2','2020-03-11 02:22:11',NULL),(2,2,5,'개노잼~~~~~~~~~~~~~~~',4,5,'2','2020-03-12 02:22:11',NULL),(3,1,5,'재밌긴한데 뭔가 복잡해서 하기 싫다~~~~~~~~~~~~~',4,5,'2','2020-03-12 02:22:11',NULL),(4,1,5,'완전 추천추텆!!',4,5,'2','2020-03-12 02:22:11',NULL),(5,1,5,'재밌당 ㅎㅎ ',4,5,'2','2020-03-12 02:22:11',NULL),(6,2,5,'재밌당ㅇㅀㄴㅇㅀ ㅎㅎ ',4,5,'2','2020-03-12 02:22:11',NULL),(7,2,5,'생각보다 더 재밌는거 같다 ㅎㅎ ',4,5,'2','2020-03-12 02:22:11',NULL),(8,2,5,'완전 강추강추  ',4,5,'2','2020-03-12 02:22:11',NULL),(9,2,5,'재밌는지 모르겠음 비추',4,5,'2','2020-03-12 02:22:11',NULL),(10,3,5,'very fun game',4,5,'2','2020-03-12 02:22:11',NULL),(11,3,5,'good',4,5,'2','2020-03-12 02:22:11',NULL),(12,3,5,'i don\'t like this game :(',4,5,'2','2020-03-12 02:22:11',NULL),(13,3,5,'i really recommend!',4,5,'2','2020-03-12 02:22:11',NULL),(15,44,26,'무슨게임인지 모르겠지만 재미있네요',0,0,'4','2021-07-22 01:53:01','2021-07-22 01:53:01'),(16,43,26,'너무 무서워요',0,0,'2','2021-07-22 01:53:27','2021-07-22 01:53:27'),(17,42,26,'재미있네요',0,0,'4','2021-07-22 01:54:15','2021-07-22 01:54:15'),(18,41,26,'귀여운데 가격이 사악하',0,0,'4','2021-07-22 01:54:40','2021-07-30 07:40:27'),(19,40,26,'재미없네요',0,0,'2','2021-07-22 01:55:07','2021-07-22 01:55:07'),(20,39,26,'너무 무서워요',0,0,'4','2021-07-22 01:56:03','2021-07-22 01:56:03'),(21,37,26,'이상한 게임이에요',0,1,'1','2021-07-22 01:56:36','2021-07-22 01:56:36'),(22,36,26,'너무 재밌어요',0,0,'5','2021-07-22 01:57:09','2021-07-22 01:57:09'),(23,37,31,'신기한 게임이에요',0,0,'4','2021-07-22 01:59:02','2021-07-22 01:59:02'),(25,44,31,'재미없는거같아요',0,0,'3','2021-07-22 02:00:09','2021-07-22 02:00:09'),(26,43,31,'잔인해요',0,0,'4','2021-07-22 02:00:55','2021-07-22 02:00:55'),(27,42,31,'바다로 여행온 줄 알앗어요',0,0,'4','2021-07-22 02:01:17','2021-07-22 02:01:17'),(28,40,31,'이런 게임은 어떻게 만드는지 신기해요',0,0,'5','2021-07-22 02:01:50','2021-07-22 02:01:50'),(29,36,31,'나홀로 집에인줄 알았어요',0,0,'4','2021-07-22 02:02:19','2021-07-22 02:02:19'),(33,45,26,'어몽어스짱! ㅁㄴㅇㄻㄴㅇㄹ',0,0,'4','2022-09-27 12:43:59','2022-09-29 14:55:30'),(34,41,37,'길형이 사줌',0,0,'4','2022-11-09 11:54:25','2022-11-09 11:54:25');
/*!40000 ALTER TABLE `review_list` ENABLE KEYS */;
UNLOCK TABLES;

--
-- Table structure for table `t_upload_file`
--

DROP TABLE IF EXISTS `t_upload_file`;
/*!40101 SET @saved_cs_client     = @@character_set_client */;
/*!50503 SET character_set_client = utf8mb4 */;
CREATE TABLE `t_upload_file` (
  `UPLOAD_FILE_SEQ` int NOT NULL AUTO_INCREMENT COMMENT '파일 고유번호',
  `PATHNAME` varchar(100) CHARACTER SET utf8 COLLATE utf8_general_ci NOT NULL COMMENT '전체경로',
  `FILENAME` varchar(50) CHARACTER SET utf8 COLLATE utf8_general_ci NOT NULL COMMENT '파일명',
  `ORIGINAL_FILENAME` varchar(100) CHARACTER SET utf8 COLLATE utf8_general_ci NOT NULL COMMENT '원본 파일명',
  `SIZE` int NOT NULL COMMENT '파일크기',
  `CONTENT_TYPE` varchar(50) CHARACTER SET utf8 COLLATE utf8_general_ci NOT NULL COMMENT '컨텐츠 종류',
  `RESOURCE_PATHNAME` varchar(100) CHARACTER SET utf8 COLLATE utf8_general_ci NOT NULL DEFAULT '' COMMENT '리소스 파일경로',
  `REG_DATE` datetime NOT NULL COMMENT '등록일자',
  PRIMARY KEY (`UPLOAD_FILE_SEQ`) USING BTREE
) ENGINE=InnoDB AUTO_INCREMENT=9 DEFAULT CHARSET=utf8 COMMENT='파일';
/*!40101 SET character_set_client = @saved_cs_client */;

--
-- Dumping data for table `t_upload_file`
--

LOCK TABLES `t_upload_file` WRITE;
/*!40000 ALTER TABLE `t_upload_file` DISABLE KEYS */;
INSERT INTO `t_upload_file` VALUES (4,'C:\\uploadfile\\2021-07-07/a2d8c27d-f0ea-4439-91b5-6cd1733caaf6.png','a2d8c27d-f0ea-4439-91b5-6cd1733caaf6.png','스크린샷(2).png',795587,'image/png','/resources/upload/2021-07-07/a2d8c27d-f0ea-4439-91b5-6cd1733caaf6.png','2021-07-07 16:03:59'),(5,'C:\\upload\\2021-07-07/0e8a54ae-1191-4be9-9d47-906492d602f4.','0e8a54ae-1191-4be9-9d47-906492d602f4.','',0,'application/octet-stream','/upload/2021-07-07/0e8a54ae-1191-4be9-9d47-906492d602f4.','2021-07-07 21:51:48'),(6,'C:\\upload\\2021-07-07/e595fd51-6f7d-4247-bd05-360e561ae150.','e595fd51-6f7d-4247-bd05-360e561ae150.','',0,'application/octet-stream','/upload/2021-07-07/e595fd51-6f7d-4247-bd05-360e561ae150.','2021-07-07 21:53:22'),(7,'C:\\upload\\2021-07-07/2378684b-70a3-46e5-8b0a-394b23cc65dd.png','2378684b-70a3-46e5-8b0a-394b23cc65dd.png','스크린샷(2).png',795587,'image/png','/upload/2021-07-07/2378684b-70a3-46e5-8b0a-394b23cc65dd.png','2021-07-07 21:54:14'),(8,'C:\\upload\\2021-07-07/7353f98e-1a8c-4266-95b0-ee16c50bce1b.png','7353f98e-1a8c-4266-95b0-ee16c50bce1b.png','스크린샷(2).png',795587,'image/png','/upload/2021-07-07/7353f98e-1a8c-4266-95b0-ee16c50bce1b.png','2021-07-07 22:01:37');
/*!40000 ALTER TABLE `t_upload_file` ENABLE KEYS */;
UNLOCK TABLES;

--
-- Table structure for table `user_info`
--

DROP TABLE IF EXISTS `user_info`;
/*!40101 SET @saved_cs_client     = @@character_set_client */;
/*!50503 SET character_set_client = utf8mb4 */;
CREATE TABLE `user_info` (
  `user_id` int NOT NULL AUTO_INCREMENT,
  `user_email` varchar(100) NOT NULL,
  `user_password` varchar(100) NOT NULL,
  `user_provider` varchar(20) DEFAULT NULL,
  `user_token` varchar(100) DEFAULT NULL,
  `user_nickname` varchar(20) NOT NULL,
  `user_profile_image` varchar(300) DEFAULT '/upload/default_img.jpg',
  `user_zip_code` varchar(20) DEFAULT NULL,
  `user_address` varchar(150) DEFAULT NULL,
  `user_detail_address` varchar(50) DEFAULT NULL,
  `user_phone_number` varchar(15) DEFAULT NULL,
  `user_name` varchar(20) NOT NULL,
  `user_birth_date` date NOT NULL,
  `user_gender` tinyint(1) NOT NULL,
  `user_joined_date` date NOT NULL,
  `user_warning_count` int NOT NULL DEFAULT '0',
  `user_blacklist` tinyint(1) NOT NULL DEFAULT '0',
  `user_authority_rate` enum('ROLE_USER','ROLE_ADMIN') DEFAULT 'ROLE_USER',
  `user_memo` varchar(200) DEFAULT NULL,
  PRIMARY KEY (`user_id`)
) ENGINE=InnoDB AUTO_INCREMENT=39 DEFAULT CHARSET=utf8mb4 COLLATE=utf8mb4_0900_ai_ci;
/*!40101 SET character_set_client = @saved_cs_client */;

--
-- Dumping data for table `user_info`
--

LOCK TABLES `user_info` WRITE;
/*!40000 ALTER TABLE `user_info` DISABLE KEYS */;
INSERT INTO `user_info` VALUES (1,'chococake@gmail','12345Tt^87',NULL,NULL,'chocho','/upload/game_thumbnail_default.png',NULL,'경기도 고양시 덕양구 서정마을 10단지',NULL,'010-8383-9944','홍길동','1992-04-12',2,'2020-05-21',1,1,'ROLE_USER',NULL),(2,'yummyrice@gmail','12455Tt^^7',NULL,NULL,'baba','/upload/game_thumbnail_default.png',NULL,'경기도 고양시 덕양구 서정마을 12단지',NULL,'010-1283-9944','이차돌','1987-03-12',2,'2020-06-21',1,1,'ROLE_USER',NULL),(3,'youmissss@gmail','124YTYTt^^8',NULL,NULL,'misan','/upload/game_thumbnail_default.png',NULL,'서울 성북동',NULL,'010-1283-9954','유미선','1985-11-12',1,'2020-07-21',1,1,'ROLE_USER',NULL),(4,'hahahae@gmail','YUYy989!',NULL,NULL,'꼬맹이','/upload/game_thumbnail_default.png',NULL,'서울특별시 마포구 가양대로 117(상암동)',NULL,'010-5553-9944','이서울','1970-11-20',2,'2020-05-21',1,1,'ROLE_USER',NULL),(5,'tytye87@gmail','yuGH98934!',NULL,NULL,'맹맹이','/upload/game_thumbnail_default.png',NULL,'서울특별시 마포구 마포대로 53(도화동)',NULL,'010-5573-3494','이연근','1970-11-20',2,'2020-05-21',1,1,'ROLE_USER',NULL),(6,'hiehele99@gmail','gagayun98934!',NULL,NULL,'가윤','/upload/game_thumbnail_default.png',NULL,'서울특별시 마포구 마포대로 183(아현동)',NULL,'010-5223-3444','김가윤','1999-12-10',1,'2020-05-12',1,1,'ROLE_USER',NULL),(7,'erber69@gmail','fgfgGYT876@',NULL,NULL,'코난','/upload/game_thumbnail_default.png',NULL,'경기도 구리시 갈매중앙로 193(갈매동)',NULL,'010-7777-3444','김옥빈','1970-03-10',1,'2020-05-30',1,1,'ROLE_USER',NULL),(8,'erber69@gmail','fgfgGYT876@',NULL,NULL,'코난','/upload/game_thumbnail_default.png',NULL,'경기도 구리시 갈매중앙로 193(갈매동)',NULL,'010-7777-3444','김사랑 ','1985-03-10',1,'2021-05-01',1,1,'ROLE_USER',NULL),(9,'maybe123@gmail','fgfbnB876@',NULL,NULL,'또리','/upload/game_thumbnail_default.png',NULL,'경기도 구리시 건원대로34번길 15(인창동)',NULL,'010-7777-3444','김사랑 ','1985-03-10',1,'2021-05-01',1,1,'ROLE_USER',NULL),(10,'makemoney@gmail','ggfbn12@@',NULL,NULL,'min','/upload/game_thumbnail_default.png',NULL,'경기도 의정부시 가능로 57(가능동)',NULL,'010-8985-3234','한믿음','1984-03-10',1,'2021-05-01',1,0,'ROLE_USER',NULL),(11,'gooddy12@gmail','ggfbn12@12YY',NULL,NULL,'jamsil','/upload/game_thumbnail_default.png',NULL,'서울특별시 송파구 잠실로 51-31(잠실동)',NULL,'010-1215-3234','김지원','2001-03-10',1,'2021-09-01',1,0,'ROLE_USER',NULL),(12,'hdsuaere@naver.com','$2a$10$SX9npu2XEIcq9YYvMK2QBu.ZxqACWEZPtBXsAJgqF9csF2WYvbpqC',NULL,NULL,'영썬','/upload/game_thumbnail_default.png','06035','서울특별시 강남구 강남대로 626','ㅌㅀ','010-98-3831','유영선','2020-11-19',2,'2021-07-16',0,0,'ROLE_ADMIN',NULL),(13,'user123@gmail.com','$2a$10$S.cwIlg5oNI1Cv45zCHbi.bZvh0CUzTEPjXJEO4yDUHMICMiQrgxq',NULL,NULL,'양양','/upload/game_thumbnail_default.png',NULL,'서울특별시 마포구 매봉산로 24(상암동)',NULL,'01082827373','김지수','1998-03-03',1,'2020-04-04',0,1,'ROLE_USER',NULL),(18,'user123ty@gmail.com','$2a$10$K36ZMYEEVS8JFCNSE3SZZOO1WrDQwhG/1nyz.bPwkzZzzvMnsB9lO',NULL,NULL,'양양','/upload/game_thumbnail_default.png',NULL,'서울특별시 마포구 매봉산로 24(상암동)',NULL,'01082847373','김하나','1998-05-03',1,'2020-04-04',0,1,'ROLE_USER',NULL),(19,'ham3ty@gmail.com','$2a$10$wwTdd5uZwyqO2.fjNOQ1vePvxlMxJ8fuWGtLSytxKskf.x.k5aOTq',NULL,NULL,'먹방','/upload/game_thumbnail_default.png',NULL,'서울특별시 용산구 대사관로 39(한남동)',NULL,'01082847373','김먹방','1997-05-03',1,'2020-04-04',0,1,'ROLE_USER',NULL),(20,'dotun3ty@gmail.com','$2a$10$g.6uOBTeJ4B.HMwgV7F1ue47HE.55hTX4b/jQk5tw74jkydythSl.',NULL,NULL,'운동동','/upload/game_thumbnail_default.png',NULL,'서울특별시 용산구 대사관로 39(한남동)',NULL,'01082844373','김도윤','1937-05-03',1,'2020-04-04',0,1,'ROLE_USER',NULL),(21,'jayoon3ty@gmail.com','$2a$10$LY6DySYMMfAOu/ilJ5h1DeaPgaMAltm7IjMNwdJ0MhHO/cisaQV6a',NULL,NULL,'인자강','/upload/game_thumbnail_default.png',NULL,'서울특별시 용산구 대사관로 39(한남동)',NULL,'01082844373','이재영','1937-06-03',1,'2020-04-03',0,1,'ROLE_USER',NULL),(23,'tataty@gmail.com','$2a$10$.jF1qLQ/C.SrO/95z1UdE.rseRVJL1T11mucsmVEgTunhBZTUjLOu',NULL,NULL,'뷔','/upload/game_thumbnail_default.png',NULL,'경기도 고양시 덕양구 무원로 2(행신동, 행신동센스빌1차)',NULL,'01062844373','김태형','1987-07-03',1,'2020-05-03',0,1,'ROLE_USER',NULL),(24,'jjongkooky@gmail.com','$2a$10$rVIpZzge7jiKvFzMsYeiBu64yaVMd30NwaH.MNYgYbPqeMm47UqYq',NULL,NULL,'뷔','/upload/game_thumbnail_default.png',NULL,'경기도 고양시 덕양구 무원로 2(행신동, 행신동센스빌1차)',NULL,'01062854373','전정국','1997-07-03',1,'2021-05-03',0,1,'ROLE_USER',NULL),(25,'jimijn@gmail.com','$2a$10$GV0YgUWIlXDMuXpH046IkOUssaxcjnNdO4xrnxZId6vTt243hTqP.',NULL,NULL,'지민','/upload/game_thumbnail_default.png',NULL,'경기도 고양시 덕양구 무원로 2(행신동, 행신동센스빌1차)',NULL,'01064854373','박지민','1997-07-03',1,'2021-05-03',0,1,'ROLE_USER',NULL),(26,'rapmon@gmail.com','$2a$10$n/pjwHd96xldaldydD.m3OVtWsJbBVoJfubzCRO96pk.dbzJU2pV2',NULL,NULL,'랩몬','/upload/2021-07-30/3f3ac5fd-94a0-45a0-a8f7-e3f04c445429.jpg',NULL,'경기도 고양시 덕양구 무원로 2(행신동, 행신동센스빌1차)',NULL,'010-6455-4374','김남준','1997-07-03',1,'2021-05-03',0,1,'ROLE_ADMIN',NULL),(27,'yungi@gmail.com','$2a$10$eTdGB/V7dzKZmK/uR4DHRO0LdJFalKvrXqxrzko8HU..f0bzJRsWK',NULL,NULL,'슈가','/upload/game_thumbnail_default.png',NULL,'경기도 고양시 덕양구 무원로 2(행신동, 행신동센스빌1차)',NULL,'01064534373','김윤기','1997-06-03',1,'2021-05-03',0,1,'ROLE_USER',NULL),(29,'jinjin@gmail.com','$2a$10$Y8qRX4Wymv112ZqIOK/bIOBY6JvaB2W2B1WEk4rz3QcVVWi2rY2MS',NULL,NULL,'진','/upload/game_thumbnail_default.png',NULL,'경기도 고양시 덕양구 무원로 2(행신동, 행신동센스빌1차)',NULL,'01064534373','김석진','1995-06-03',1,'2021-05-03',0,0,'ROLE_USER',NULL),(30,'jenny@gmail.com','$2a$10$hMmclVlUvOiNlqFmkogjReq86CEocath0uIbWcOEQTR.GVuuXNCFS',NULL,NULL,'제니','/upload/game_thumbnail_default.png',NULL,'서울특별시 강남구 삼성로 720(청담동)',NULL,'01064534373','김제니','1996-06-03',1,'2021-05-03',0,0,'ROLE_USER',NULL),(31,'lisalove@gmail.com','$2a$10$4X5SYMNRbnYm9/566Z9ezuhVEGb4TGdIQdysnP91mmYHtyr56Za9.',NULL,NULL,'리사','/upload/game_thumbnail_default.png',NULL,'서울특별시 강남구 삼성로 720(청담동)',NULL,'01064534373','리사','1996-06-03',1,'2021-05-03',3,1,'ROLE_USER',''),(37,'hanej93@naver.com','$2a$10$7n.oOjN0sh4qiRUHcI89C.iPqHXlEXQC3m0CBerF8HYzlLd3Mwfue','kakao',NULL,'한의진','http://k.kakaocdn.net/dn/Lv0Nt/btrEI9jQWfT/vSAFQRKyU14Js0oEHnIAxk/img_640x640.jpg',NULL,NULL,NULL,NULL,'한의진','2022-09-27',1,'2022-09-27',0,0,'ROLE_USER','ㅁㄹㄴㅇㄻㅇ');
/*!40000 ALTER TABLE `user_info` ENABLE KEYS */;
UNLOCK TABLES;

--
-- Table structure for table `wishlist_game`
--

DROP TABLE IF EXISTS `wishlist_game`;
/*!40101 SET @saved_cs_client     = @@character_set_client */;
/*!50503 SET character_set_client = utf8mb4 */;
CREATE TABLE `wishlist_game` (
  `wishlist_id` int NOT NULL AUTO_INCREMENT,
  `game_id` int NOT NULL,
  `user_id` int NOT NULL,
  `wishlist_write_date` timestamp NOT NULL,
  PRIMARY KEY (`wishlist_id`),
  KEY `game_id` (`game_id`),
  KEY `user_id` (`user_id`),
  CONSTRAINT `wishlist_game_ibfk_1` FOREIGN KEY (`game_id`) REFERENCES `game_info` (`game_id`),
  CONSTRAINT `wishlist_game_ibfk_2` FOREIGN KEY (`user_id`) REFERENCES `user_info` (`user_id`)
) ENGINE=InnoDB AUTO_INCREMENT=30 DEFAULT CHARSET=utf8mb4 COLLATE=utf8mb4_0900_ai_ci;
/*!40101 SET character_set_client = @saved_cs_client */;

--
-- Dumping data for table `wishlist_game`
--

LOCK TABLES `wishlist_game` WRITE;
/*!40000 ALTER TABLE `wishlist_game` DISABLE KEYS */;
/*!40000 ALTER TABLE `wishlist_game` ENABLE KEYS */;
UNLOCK TABLES;
/*!40103 SET TIME_ZONE=@OLD_TIME_ZONE */;

/*!40101 SET SQL_MODE=@OLD_SQL_MODE */;
/*!40014 SET FOREIGN_KEY_CHECKS=@OLD_FOREIGN_KEY_CHECKS */;
/*!40014 SET UNIQUE_CHECKS=@OLD_UNIQUE_CHECKS */;
/*!40101 SET CHARACTER_SET_CLIENT=@OLD_CHARACTER_SET_CLIENT */;
/*!40101 SET CHARACTER_SET_RESULTS=@OLD_CHARACTER_SET_RESULTS */;
/*!40101 SET COLLATION_CONNECTION=@OLD_COLLATION_CONNECTION */;
/*!40111 SET SQL_NOTES=@OLD_SQL_NOTES */;

-- Dump completed on 2023-01-21 19:18:20
